{
  "model": "ResNet-32",
  "loss": "CrossEntropyLoss",
  "optimizer": "SGD(lr=0.1, momentum=0.9, weight_decay=5e-4)",
  "scheduler": "MultiStepLR(milestones=[160, 180], gamma=0.1)",
  "epochs": 256,
  "best_val_acc": 42.05,
  "test_acc": 41.0,
  "train_samples": 10847,
  "val_samples": 2000,
  "test_samples": 8000,
  "head_classes": 69,
  "tail_classes": 31,
  "tail_proportion": 0.31,
  "train_class_counts": [
    500,
    477,
    455,
    434,
    415,
    396,
    378,
    361,
    344,
    328,
    314,
    299,
    286,
    273,
    260,
    248,
    237,
    226,
    216,
    206,
    197,
    188,
    179,
    171,
    163,
    156,
    149,
    142,
    135,
    129,
    123,
    118,
    112,
    107,
    102,
    98,
    93,
    89,
    85,
    81,
    77,
    74,
    70,
    67,
    64,
    61,
    58,
    56,
    53,
    51,
    48,
    46,
    44,
    42,
    40,
    38,
    36,
    35,
    33,
    32,
    30,
    29,
    27,
    26,
    25,
    24,
    23,
    22,
    21,
    20,
    19,
    18,
    17,
    16,
    15,
    15,
    14,
    13,
    13,
    12,
    12,
    11,
    11,
    10,
    10,
    9,
    9,
    8,
    8,
    7,
    7,
    7,
    6,
    6,
    6,
    6,
    5,
    5,
    5,
    5
  ],
  "class_to_group": [
    0,
    0,
    0,
    0,
    0,
    0,
    0,
    0,
    0,
    0,
    0,
    0,
    0,
    0,
    0,
    0,
    0,
    0,
    0,
    0,
    0,
    0,
    0,
    0,
    0,
    0,
    0,
    0,
    0,
    0,
    0,
    0,
    0,
    0,
    0,
    0,
    0,
    0,
    0,
    0,
    0,
    0,
    0,
    0,
    0,
    0,
    0,
    0,
    0,
    0,
    0,
    0,
    0,
    0,
    0,
    0,
    0,
    0,
    0,
    0,
    0,
    0,
    0,
    0,
    0,
    0,
    0,
    0,
    0,
    1,
    1,
    1,
    1,
    1,
    1,
    1,
    1,
    1,
    1,
    1,
    1,
    1,
    1,
    1,
    1,
    1,
    1,
    1,
    1,
    1,
    1,
    1,
    1,
    1,
    1,
    1,
    1,
    1,
    1,
    1
  ],
  "group_priors": [
    0.9700378179550171,
    0.029962200671434402
  ]
}