{
  "splits": {
    "val": {
      "sanity": {
        "shape": [
          1000,
          100
        ],
        "has_nan": false,
        "has_inf": false,
        "softmax_sum_mean": 1.0,
        "softmax_sum_std": 7.7782672747162e-08
      },
      "metrics": {
        "num_samples": 1000,
        "accuracy": 0.3530000150203705,
        "head_accuracy": 0.4840579926967621,
        "tail_accuracy": 0.06129032000899315,
        "balanced_error": 0.7273258436471224,
        "ece_15": 0.3371882438659668,
        "nll": 3.5357580184936523,
        "conf_mean": 0.6901882886886597,
        "conf_std": 0.24584273993968964,
        "entropy_mean": 0.9908583760261536,
        "entropy_std": 0.7406012415885925
      }
    },
    "test": {
      "sanity": {
        "shape": [
          8000,
          100
        ],
        "has_nan": false,
        "has_inf": false,
        "softmax_sum_mean": 1.0,
        "softmax_sum_std": 9.073812634596834e-08
      },
      "metrics": {
        "num_samples": 8000,
        "accuracy": 0.35725000500679016,
        "head_accuracy": 0.4833333492279053,
        "tail_accuracy": 0.07661290466785431,
        "balanced_error": 0.7200268730521202,
        "ece_15": 0.3353695869445801,
        "nll": 3.608149528503418,
        "conf_mean": 0.6924347877502441,
        "conf_std": 0.24937804043293,
        "entropy_mean": 0.9861413240432739,
        "entropy_std": 0.75815749168396
      }
    },
    "checkpoint": {
      "path": "checkpoints\\experts\\cifar100_lt_if100\\best_ce_baseline.pth",
      "name": "best_ce_baseline.pth",
      "fingerprint": "18aaf6e9e014",
      "missing_keys": [],
      "unexpected_keys": [],
      "matched_key_count": 201,
      "state_dict_key_count": 201,
      "model_key_count": 201,
      "loaded_param_count": 475254,
      "total_param_count": 472757
    }
  }
}