{
  "splits": {
    "val": {
      "sanity": {
        "shape": [
          2000,
          100
        ],
        "has_nan": false,
        "has_inf": false,
        "softmax_sum_mean": 1.0,
        "softmax_sum_std": 7.489899900292585e-08
      },
      "metrics": {
        "num_samples": 2000,
        "accuracy": 0.4205000102519989,
        "head_accuracy": 0.552992045879364,
        "tail_accuracy": 0.12071777880191803, 
        "balanced_error": 0.663145087659359,
        "ece_15": 0.39304977655410767,
        "nll": 4.137228488922119,
        "conf_mean": 0.8135497570037842,
        "conf_std": 0.21317334473133087,
        "entropy_mean": 0.5495541095733643,
        "entropy_std": 0.5771670937538147
      }
    },
    "test": {
      "sanity": {
        "shape": [
          8000,
          100
        ],
        "has_nan": false,
        "has_inf": false,
        "softmax_sum_mean": 1.0,
        "softmax_sum_std": 8.822257058227478e-08
      },
      "metrics": {
        "num_samples": 8000,
        "accuracy": 0.4100000262260437,
        "head_accuracy": 0.5350988507270813,
        "tail_accuracy": 0.13268998265266418,
        "balanced_error": 0.6661055833101273,
        "ece_15": 0.3970668613910675,
        "nll": 4.142463207244873,
        "conf_mean": 0.8070669174194336,
        "conf_std": 0.2139446884393692,
        "entropy_mean": 0.5660107135772705,
        "entropy_std": 0.5746281743049622
      }
    }
  }
}