{
  "objectives": [
    "balanced",
    "worst_group"
  ],
  "description": "Targeted rejection grid (0.0..0.8) with val-based hyperparameter selection per paper Algorithm 1. Uses 3 experts with UNIFORM weighting (baseline).",
  "method": "plug-in_balanced_val_selection_uniform",
  "weighting": "uniform",
  "hyperparameter_selection": "val_based",
  "algorithm": "Algorithm 1 from paper - optimize (\u03b1,\u03bc) on tunev, select \u03bc on val",
  "experts": [
    "ce_baseline",
    "logitadjust_baseline",
    "balsoftmax_baseline"
  ],
  "results_per_cost": [
    {
      "target_rejection": 0.0,
      "balanced_error": 0.5230013728141785,
      "alpha": [
        0.1933078962158917,
        0.004647179034419938
      ],
      "mu": [
        0.0,
        20.0
      ],
      "cost_val": 83.86697387695312,
      "cost_test": 108.34513854980469,
      "val_metrics": {
        "coverage": 1.0,
        "balanced_error": 0.5230013728141785,
        "worst_group_error": 0.6235411763191223,
        "group_errors": [
          0.6235411763191223,
          0.4224615693092346
        ]
      },
      "test_metrics": {
        "coverage": 1.0,
        "balanced_error": 0.5280016511678696,
        "worst_group_error": 0.6078109741210938,
        "group_errors": [
          0.6078109741210938,
          0.4481923282146454
        ]
      },
      "mu_lambda": 20.0
    },
    {
      "target_rejection": 0.1,
      "balanced_error": 0.4841141402721405,
      "alpha": [
        0.01931044887452856,
        0.0007015558822215809
      ],
      "mu": [
        0.0,
        15.0
      ],
      "cost_val": 370.8404846191406,
      "cost_test": 375.90179443359375,
      "val_metrics": {
        "coverage": 0.9487509123993477,
        "balanced_error": 0.4841141402721405,
        "worst_group_error": 0.5562822222709656,
        "group_errors": [
          0.5562822222709656,
          0.41194605827331543
        ]
      },
      "test_metrics": {
        "coverage": 0.9496035766601563,
        "balanced_error": 0.49110154807567596,
        "worst_group_error": 0.5567916035652161,
        "group_errors": [
          0.5567916035652161,
          0.42541149258613586
        ]
      },
      "mu_lambda": 15.0
    },
    {
      "target_rejection": 0.2,
      "balanced_error": 0.4820616543292999,
      "alpha": [
        9.845885109646364e-06,
        1.650510661701541e-05
      ],
      "mu": [
        0.0,
        11.0
      ],
      "cost_val": 59412.29296875,
      "cost_test": 59580.73046875,
      "val_metrics": {
        "coverage": 0.8649211953687252,
        "balanced_error": 0.4820616543292999,
        "worst_group_error": 0.7638496160507202,
        "group_errors": [
          0.20027369260787964,
          0.7638496160507202
        ]
      },
      "test_metrics": {
        "coverage": 0.860824462890625,
        "balanced_error": 0.4825025200843811,
        "worst_group_error": 0.7404096722602844,
        "group_errors": [
          0.22459536790847778,
          0.7404096722602844
        ]
      },
      "mu_lambda": 11.0
    },
    {
      "target_rejection": 0.3,
      "balanced_error": 0.4061080291867256,
      "alpha": [
        3.5981880389482527e-06,
        3.0437556359580494e-06
      ],
      "mu": [
        0.0,
        8.0
      ],
      "cost_val": 189839.765625,
      "cost_test": 188296.0,
      "val_metrics": {
        "coverage": 0.8154420663721964,
        "balanced_error": 0.4061080291867256,
        "worst_group_error": 0.6196352243423462,
        "group_errors": [
          0.19258083403110504,
          0.6196352243423462
        ]
      },
      "test_metrics": {
        "coverage": 0.8048331298828125,
        "balanced_error": 0.3956470862030983,
        "worst_group_error": 0.5864322781562805,
        "group_errors": [
          0.20486189424991608,
          0.5864322781562805
        ]
      },
      "mu_lambda": 8.0
    },
    {
      "target_rejection": 0.4,
      "balanced_error": 0.36551254242658615,
      "alpha": [
        2.1072134588643055e-06,
        1.6692142743483304e-06
      ],
      "mu": [
        0.0,
        6.0
      ],
      "cost_val": 298317.6875,
      "cost_test": 293822.21875,
      "val_metrics": {
        "coverage": 0.7507329559773532,
        "balanced_error": 0.36551254242658615,
        "worst_group_error": 0.5696202516555786,
        "group_errors": [
          0.1614048331975937,
          0.5696202516555786
        ]
      },
      "test_metrics": {
        "coverage": 0.7258734741210937,
        "balanced_error": 0.3600347936153412,
        "worst_group_error": 0.5547260046005249,
        "group_errors": [
          0.16534358263015747,
          0.5547260046005249
        ]
      },
      "mu_lambda": 6.0
    },
    {
      "target_rejection": 0.5,
      "balanced_error": 0.3211060017347336,
      "alpha": [
        1.5117714179144822e-06,
        1.071855565855991e-06
      ],
      "mu": [
        0.0,
        6.0
      ],
      "cost_val": 367366.5625,
      "cost_test": 366534.71875,
      "val_metrics": {
        "coverage": 0.6773671067728947,
        "balanced_error": 0.3211060017347336,
        "worst_group_error": 0.5259938836097717,
        "group_errors": [
          0.11621811985969543,
          0.5259938836097717
        ]
      },
      "test_metrics": {
        "coverage": 0.6521815185546875,
        "balanced_error": 0.3184932768344879,
        "worst_group_error": 0.5073033571243286,
        "group_errors": [
          0.12968319654464722,
          0.5073033571243286
        ]
      },
      "mu_lambda": 6.0
    },
    {
      "target_rejection": 0.6,
      "balanced_error": 0.33115260675549507,
      "alpha": [
        1.3144864636131521e-06,
        1.0046227047888944e-06
      ],
      "mu": [
        0.0,
        5.0
      ],
      "cost_val": 335624.0,
      "cost_test": 329759.0,
      "val_metrics": {
        "coverage": 0.6055683963359617,
        "balanced_error": 0.33115260675549507,
        "worst_group_error": 0.5858267545700073,
        "group_errors": [
          0.07647845894098282,
          0.5858267545700073
        ]
      },
      "test_metrics": {
        "coverage": 0.5606181640625,
        "balanced_error": 0.2848523370921612,
        "worst_group_error": 0.4851571023464203,
        "group_errors": [
          0.08454757183790207,
          0.4851571023464203
        ]
      },
      "mu_lambda": 5.0
    },
    {
      "target_rejection": 0.7,
      "balanced_error": 0.345998790115118,
      "alpha": [
        0.00042620484380680455,
        8.363427433779073e-07
      ],
      "mu": [
        0.0,
        3.0
      ],
      "cost_val": 22864.84765625,
      "cost_test": 20179.34375,
      "val_metrics": {
        "coverage": 0.45575741307113116,
        "balanced_error": 0.345998790115118,
        "worst_group_error": 0.6774626970291138,
        "group_errors": [
          0.6774626970291138,
          0.014534883201122284
        ]
      },
      "test_metrics": {
        "coverage": 0.4351214599609375,
        "balanced_error": 0.36653052270412445,
        "worst_group_error": 0.5850045084953308,
        "group_errors": [
          0.5850045084953308,
          0.1480565369129181
        ]
      },
      "mu_lambda": 3.0
    },
    {
      "target_rejection": 0.8,
      "balanced_error": 0.14476503524929285,
      "alpha": [
        1.0340535111226362e-05,
        7.300203951807964e-07
      ],
      "mu": [
        0.0,
        3.0
      ],
      "cost_val": 49395.4375,
      "cost_test": 43422.2265625,
      "val_metrics": {
        "coverage": 0.3365815635120583,
        "balanced_error": 0.14476503524929285,
        "worst_group_error": 0.26229506731033325,
        "group_errors": [
          0.02723500318825245,
          0.26229506731033325
        ]
      },
      "test_metrics": {
        "coverage": 0.3383297119140625,
        "balanced_error": 0.16659937053918839,
        "worst_group_error": 0.29218968749046326,