{
  "objective": "worst",
  "param_mode": "group",
  "cost_sweep": [
    0.0,
    0.1,
    0.2,
    0.3,
    0.4,
    0.5,
    0.6,
    0.7,
    0.75,
    0.8,
    0.85,
    0.9,
    0.91,
    0.93,
    0.95,
    0.97,
    0.99
  ],
  "results_per_cost": [
    {
      "cost": 0.0,
      "alpha": [
        0.0001,
        0.024
      ],
      "mu": [
        -1.0,
        0.25
      ],
      "val_metrics": {
        "selective_error": 0.0,
        "coverage": 0.0010786392726004125,
        "rejection_rate": 0.9989213607273996,
        "group_errors": [
          0.0,
          0.0
        ],
        "worst_group_error": 0.0,
        "objective_value": 0.0
      },
      "test_metrics": {
        "selective_error": 1.0,
        "coverage": 0.002226421982049942,
        "rejection_rate": 0.9977735780179501,
        "group_errors": [
          1.0,
          0.0666666619405588
        ],
        "worst_group_error": 1.0
      }
    },
    {
      "cost": 0.1,
      "alpha": [
        0.0001,
        0.02
      ],
      "mu": [
        -0.5,
        0.0
      ],
      "val_metrics": {
        "selective_error": 0.0,
        "coverage": 0.0010786392726004125,
        "rejection_rate": 0.9989213607273996,
        "group_errors": [
          0.0,
          0.0
        ],
        "worst_group_error": 0.0,
        "objective_value": 0.09989213607273996
      },
      "test_metrics": {
        "selective_error": 1.0,
        "coverage": 0.0020305152982473375,
        "rejection_rate": 0.9979694847017526,
        "group_errors": [
          1.0,
          0.06732813103008949
        ],
        "worst_group_error": 1.0
      }
    },
    {
      "cost": 0.2,
      "alpha": [
        0.758,
        0.33
      ],
      "mu": [
        0.0,
        0.0
      ],
      "val_metrics": {
        "selective_error": 0.814717461025445,
        "coverage": 0.48520326614379883,
        "rejection_rate": 0.5147967338562012,
        "group_errors": [
          0.09412173166808914,
          0.814717461025445
        ],
        "worst_group_error": 0.814717461025445,
        "objective_value": 0.19886284023523332
      },
      "test_metrics": {
        "selective_error": 0.7324242620959049,
        "coverage": 0.5249216079711914,
        "rejection_rate": 0.47507839202880864,
        "group_errors": [
          0.07527469588661886,
          0.7324242620959049
        ],
        "worst_group_error": 0.7324242620959049
      }
    },
    {
      "cost": 0.3,
      "alpha": [
        0.56,
        0.318
      ],
      "mu": [
        -0.25,
        0.0
      ],
      "val_metrics": {
        "selective_error": 0.0,
        "coverage": 0.0010786392726004125,
        "rejection_rate": 0.9989213607273996,
        "group_errors": [
          0.0,
          0.0
        ],
        "worst_group_error": 0.0,
        "objective_value": 0.2942051285505295
      },
      "test_metrics": {
        "selective_error": 1.0,
        "coverage": 0.0019682861864566805,
        "rejection_rate": 0.9980317138135433,
        "group_errors": [
          1.0,
          0.05600589650396495
        ],
        "worst_group_error": 1.0
      }
    },
    {
      "cost": 0.4,
      "alpha": [
        0.796,
        0.4
      ],
      "mu": [
        -0.25,
        0.0
      ],
      "val_metrics": {
        "selective_error": 0.0,
        "coverage": 0.0010786392726004125,
        "rejection_rate": 0.9989213607273996,
        "group_errors": [
          0.0,
          0.0
        ],
        "worst_group_error": 0.0,
        "objective_value": 0.39924161851406104
      },
      "test_metrics": {
        "selective_error": 1.0,
        "coverage": 0.0022102884948253633,
        "rejection_rate": 0.9977897115051746,
        "group_errors": [
          1.0,
          0.06732813103008949
        ],
        "worst_group_error": 1.0
      }
    },
    {
      "cost": 0.5,
      "alpha": [
        1.38,
        0.62
      ],
      "mu": [
        1.0,
        0.0
      ],
      "val_metrics": {
        "selective_error": 0.8867692377471814,
        "coverage": 1.0,
        "rejection_rate": 0.0,
        "group_errors": [
          0.33904198205510566,
          0.8867692377471814
        ],
        "worst_group_error": 0.8867692377471814,
        "objective_value": 0.48634853959083557
      },
      "test_metrics": {
        "selective_error": 0.854038524929165,
        "coverage": 1.0,
        "rejection_rate": 0.0,
        "group_errors": [
          0.3119261955660003,
          0.854038524929165
        ],
        "worst_group_error": 0.854038524929165
      }
    },
    {
      "cost": 0.6,
      "alpha": [
        1.38,
        0.62
      ],
      "mu": [
        0.5,
        0.5
      ],
      "val_metrics": {
        "selective_error": 0.8867692377471814,
        "coverage": 1.0,
        "rejection_rate": 0.0,
        "group_errors": [
          0.33904198205510566,
          0.8867692377471814
        ],
        "worst_group_error": 0.8867692377471814,
        "objective_value": 0.48634853959083557
      },
      "test_metrics": {
        "selective_error": 0.8539317812460091,
        "coverage": 0.9992716789245606,
        "rejection_rate": 0.0007283210754394087,
        "group_errors": [
          0.3114247529755486,
          0.8539317812460091
        ],
        "worst_group_error": 0.8539317812460091
      }
    },
    {
      "cost": 0.7,
      "alpha": [
        1.38,
        0.62
      ],
      "mu": [
        0.5,
        0.0
      ],
      "val_metrics": {
        "selective_error": 0.8867692377471814,
        "coverage": 1.0,
        "rejection_rate": 0.0,
        "group_errors": [
          0.33904198205510566,
          0.8867692377471814
        ],
        "worst_group_error": 0.8867692377471814,
        "objective_value": 0.6129056215286255
      },
      "test_metrics": {
        "selective_error": 0.854038524929165,
        "coverage": 1.0,
        "rejection_rate": 0.0,
        "group_errors": [
          0.3119261955660003,
          0.854038524929165
        ],
        "worst_group_error": 0.854038524929165
      }
    },
    {
      "cost": 0.75,
      "alpha": [
        1.38,
        0.62
      ],
      "mu": [
        0.5,
        0.0
      ],
      "val_metrics": {
        "selective_error": 0.8867692377471814,
        "coverage": 1.0,
        "rejection_rate": 0.0,
        "group_errors": [
          0.33904198205510566,
          0.8867692377471814
        ],
        "worst_group_error": 0.8867692377471814,
        "objective_value": 0.6129056215286255
      },
      "test_metrics": {
        "selective_error": 0.854038524929165,
        "coverage": 1.0,
        "rejection_rate": 0.0,
        "group_errors": [
          0.3119261955660003,
          0.854038524929165
        ],
        "worst_group_error": 0.854038524929165
      }
    },
    {
      "cost": 0.8,
      "alpha": [
        1.38,
        0.62
      ],
      "mu": [
        0.5,
        -0.25
      ],
      "val_metrics": {
        "selective_error": 0.8867692377471814,
        "coverage": 1.0,
        "rejection_rate": 0.0,
        "group_errors": [
          0.33904198205510566,
          0.8867692377471814
        ],
        "worst_group_error": 0.8867692377471814,
        "objective_value": 0.6129056215286255
      },
      "test_metrics": {
        "selective_error": 0.854038524929165,
        "coverage": 1.0,
        "rejection_rate": 0.0,
        "group_errors": [
          0.3119261955660003,
          0.854038524929165
        ],
        "worst_group_error": 0.854038524929165
      }
    },
    {
      "cost": 0.85,
      "alpha": [
        1.38,
        0.62
      ],
      "mu": [
        0.25,
        0.25
      ],
      "val_metrics": {
        "selective_error": 0.8867692377471814,
        "coverage": 1.0,
        "rejection_rate": 0.0,
        "group_errors": [
          0.33904198205510566,
          0.8867692377471814
        ],
        "worst_group_error": 0.8867692377471814,