{
  "objectives": [
    "balanced",
    "worst_group"
  ],
  "description": "Balanced plug-in with ONLY balsoftmax_baseline. Targeted rejection grid (0.0..0.8) with val-based hyperparameter selection per paper Algorithm 1.",
  "method": "plug-in_balanced_val_selection_single_expert",
  "expert_name": "balsoftmax_baseline",
  "hyperparameter_selection": "val_based",
  "algorithm": "Algorithm 1 from paper - optimize (\u03b1,\u03bc) on tunev, select \u03bc on val",
  "results_per_cost": [
    {
      "target_rejection": 0.0,
      "cost_val": 8.158071517944336,
      "cost_test": 10.681699752807617,
      "alpha": [
        1.9400074333784052,
        0.05997260595336995
      ],
      "mu": [
        0.0,
        15.0
      ],
      "selection_method": "val_based",
      "val_metrics": {
        "balanced_error": 0.5398858081153978,
        "worst_group_error": 0.5959703267455688,
        "coverage": 0.999000072479248,
        "rejection_rate": 0.0009999275207519531,
        "group_errors": [
          0.5959703267455688,
          0.48380128948522666
        ]
      },
      "test_metrics": {
        "balanced_error": 0.5492632662704429,
        "worst_group_error": 0.5914880671486368,
        "coverage": 1.0,
        "rejection_rate": 0.0,
        "group_errors": [
          0.5914880671486368,
          0.5070384653922491
        ]
      }
    },
    {
      "target_rejection": 0.1,
      "cost_val": 2.710826873779297,
      "cost_test": 2.7391443252563477,
      "alpha": [
        1.7652791898659963,
        0.05294694298121459
      ],
      "mu": [
        0.0,
        20.0
      ],
      "selection_method": "val_based",
      "val_metrics": {
        "balanced_error": 0.49475782594286166,
        "worst_group_error": 0.5706162773350651,
        "coverage": 0.9000000357627869,
        "rejection_rate": 0.09999996423721313,
        "group_errors": [
          0.5706162773350651,
          0.4188993745506582
        ]
      },
      "test_metrics": {
        "balanced_error": 0.5134589222367056,
        "worst_group_error": 0.560447734641581,
        "coverage": 0.9000000357627869,
        "rejection_rate": 0.09999996423721313,
        "group_errors": [
          0.560447734641581,
          0.46647010983183035
        ]
      }
    },
    {
      "target_rejection": 0.2,
      "cost_val": 2.527503728866577,
      "cost_test": 2.663606643676758,
      "alpha": [
        1.6077734116592057,
        0.045204631700155554
      ],
      "mu": [
        0.0,
        20.0
      ],
      "selection_method": "val_based",
      "val_metrics": {
        "balanced_error": 0.45144457615285116,
        "worst_group_error": 0.531602025282944,
        "coverage": 0.800000011920929,
        "rejection_rate": 0.19999998807907104,
        "group_errors": [
          0.531602025282944,
          0.37128712702275835
        ]
      },
      "test_metrics": {
        "balanced_error": 0.4763052144163703,
        "worst_group_error": 0.5313292048683875,
        "coverage": 0.800000011920929,
        "rejection_rate": 0.19999998807907104,
        "group_errors": [
          0.5313292048683875,
          0.421281223964353
        ]
      }
    },
    {
      "target_rejection": 0.3,
      "cost_val": 1.9582582712173462,
      "cost_test": 1.9893798828125,
      "alpha": [
        1.3937822349989486,
        0.040842579883658275
      ],
      "mu": [
        0.0,
        21.0
      ],
      "selection_method": "val_based",
      "val_metrics": {
        "balanced_error": 0.4058160372333873,
        "worst_group_error": 0.4668675342400809,
        "coverage": 0.7000000476837158,
        "rejection_rate": 0.2999999523162842,
        "group_errors": [
          0.4668675342400809,
          0.34476454022669367
        ]
      },
      "test_metrics": {
        "balanced_error": 0.4286247929145097,
        "worst_group_error": 0.4729604300840248,
        "coverage": 0.7000000476837158,
        "rejection_rate": 0.2999999523162842,
        "group_errors": [
          0.4729604300840248,
          0.3842891557449947
        ]
      }
    },
    {
      "target_rejection": 0.4,
      "cost_val": 2.7572879791259766,
      "cost_test": 2.6978073120117188,
      "alpha": [
        1.2620710794131775,
        0.032658842279308486
      ],
      "mu": [
        0.0,
        17.75
      ],
      "selection_method": "val_based",
      "val_metrics": {
        "balanced_error": 0.362192287712805,
        "worst_group_error": 0.4304415903576943,
        "coverage": 0.6000000238418579,
        "rejection_rate": 0.3999999761581421,
        "group_errors": [
          0.4304415903576943,
          0.2939429850679156
        ]
      },
      "test_metrics": {
        "balanced_error": 0.38134599811214154,
        "worst_group_error": 0.42873043857401566,
        "coverage": 0.6000000238418579,
        "rejection_rate": 0.3999999761581421,
        "group_errors": [
          0.42873043857401566,
          0.3339615576502674
        ]
      }
    },
    {
      "target_rejection": 0.5,
      "cost_val": 3.8549203872680664,
      "cost_test": 3.747614860534668,
      "alpha": [
        1.1410026444368184,
        0.024525061334702808
      ],
      "mu": [
        0.0,
        11.5
      ],
      "selection_method": "val_based",
      "val_metrics": {
        "balanced_error": 0.3194942071412893,
        "worst_group_error": 0.42133108648512246,
        "coverage": 0.5010000467300415,
        "rejection_rate": 0.4989999532699585,
        "group_errors": [
          0.42133108648512246,
          0.21765732779745606
        ]
      },
      "test_metrics": {
        "balanced_error": 0.34419685016277557,
        "worst_group_error": 0.383012780931962,
        "coverage": 0.5001250505447388,
        "rejection_rate": 0.49987494945526123,
        "group_errors": [
          0.383012780931962,
          0.30538091939358913
        ]
      }
    },
    {
      "target_rejection": 0.6,
      "cost_val": 2.850585460662842,
      "cost_test": 2.8099164962768555,
      "alpha": [
        0.9676951576097949,
        0.01931696484060002
      ],
      "mu": [
        0.0,
        13.25
      ],
      "selection_method": "val_based",
      "val_metrics": {
        "balanced_error": 0.24282560139110976,
        "worst_group_error": 0.31898454588927244,
        "coverage": 0.4010000228881836,
        "rejection_rate": 0.5989999771118164,
        "group_errors": [
          0.31898454588927244,
          0.16666665689294705
        ]
      },
      "test_metrics": {
        "balanced_error": 0.2834841106139565,
        "worst_group_error": 0.30307740216323775,
        "coverage": 0.40012502670288086,
        "rejection_rate": 0.5998749732971191,
        "group_errors": [
          0.30307740216323775,
          0.2638908190646752
        ]
      }
    },
    {
      "target_rejection": 0.7,
      "cost_val": 2.788067579269409,
      "cost_test": 2.695188522338867,
      "alpha": [
        0.8155605188560104,
        0.012371813873835904
      ],
      "mu": [
        0.0,
        10.75
      ],
      "selection_method": "val_based",
      "val_metrics": {
        "balanced_error": 0.17706696486283538,
        "worst_group_error": 0.24887077003998767,
        "coverage": 0.30100002884864807,
        "rejection_rate": 0.6989999711513519,
        "group_errors": [
          0.24887077003998767,
          0.1052631596856831
        ]
      },
      "test_metrics": {
        "balanced_error": 0.21795317128291714,
        "worst_group_error": 0.22855125956434327,
        "coverage": 0.30012500286102295,
        "rejection_rate": 0.699874997138977,
        "group_errors": [
          0.22855125956434327,
          0.207355083001491
        ]
      }
    },
    {
      "target_rejection": 0.8,
      "cost_val": 2.2628631591796875,
      "cost_test": 1.7918932437896729,
      "alpha": [
        0.5564665507013531,
        0.009012368307953766
      ],
      "mu": [
        0.0,
        13.0
      ],