{
  "description": "Worst-group plug-in via Algorithm 2 with inner CS plug-in (Algorithm 1). Mixture posterior from gating over 3 experts.",
  "experts": [
    "ce_baseline",
    "logitadjust_baseline",
    "balsoftmax_baseline"
  ],
  "target_rejections": [
    0.0,
    0.1,
    0.2,
    0.3,
    0.4,
    0.5,
    0.6,
    0.7,
    0.8,
    0.9
  ],
  "results_per_point": [
    {
      "target_rejection": 0.0,
      "beta": [
        0.6664513728754389,
        0.333548627124561
      ],
      "alpha": [
        0.9689254198771495,
        0.031042271372886652
      ],
      "mu": [
        0.0,
        3.75
      ],
      "cost_test": 3.3881330490112305,
      "test_metrics": {
        "coverage": 1.0,
        "balanced_error": 0.4792891145166097,
        "worst_group_error": 0.4818461880846317,
        "group_errors": [
          0.47673204094858773,
          0.4818461880846317
        ]
      }
    },
    {
      "target_rejection": 0.1,
      "beta": [
        0.6972026195430678,
        0.30279738045693216
      ],
      "alpha": [
        0.8849123382055899,
        0.02742203133531869
      ],
      "mu": [
        0.0,
        5.75
      ],
      "cost_test": 0.9467658996582031,
      "test_metrics": {
        "coverage": 0.9280169677734375,
        "balanced_error": 0.43378976907108,
        "worst_group_error": 0.4420168200099644,
        "group_errors": [
          0.4255627181321956,
          0.4420168200099644
        ]
      }
    },
    {
      "target_rejection": 0.2,
      "beta": [
        0.659670975628532,
        0.34032902437146795
      ],
      "alpha": [
        0.770414288633718,
        0.026533176114334006
      ],
      "mu": [
        0.0,
        9.5
      ],
      "cost_test": 0.47985607385635376,
      "test_metrics": {
        "coverage": 0.8227908935546875,
        "balanced_error": 0.4054555886908642,
        "worst_group_error": 0.40936438968077615,
        "group_errors": [
          0.40154678770095226,
          0.40936438968077615
        ]
      }
    },
    {
      "target_rejection": 0.3,
      "beta": [
        0.6604339580491112,
        0.3395660419508888
      ],
      "alpha": [
        0.6744062267292724,
        0.024190578442061086
      ],
      "mu": [
        0.0,
        9.5
      ],
      "cost_test": 0.5110044479370117,
      "test_metrics": {
        "coverage": 0.729373291015625,
        "balanced_error": 0.36209062602037156,
        "worst_group_error": 0.37065967445735176,
        "group_errors": [
          0.3535215775833914,
          0.37065967445735176
        ]
      }
    },
    {
      "target_rejection": 0.4,
      "beta": [
        0.6615276827423675,
        0.3384723172576325
      ],
      "alpha": [
        0.6058210537046647,
        0.020354408629784847
      ],
      "mu": [
        0.0,
        8.0
      ],
      "cost_test": 0.7584272623062134,
      "test_metrics": {
        "coverage": 0.6567725830078125,
        "balanced_error": 0.3035720985151903,
        "worst_group_error": 0.30756467601149073,
        "group_errors": [
          0.2995795210188899,
          0.30756467601149073
        ]
      }
    },
    {
      "target_rejection": 0.5,
      "beta": [
        0.6797885820908681,
        0.320211417909132
      ],
      "alpha": [
        0.5060388825639376,
        0.017709848257966912
      ],
      "mu": [
        0.0,
        8.25
      ],
      "cost_test": 0.7318800091743469,
      "test_metrics": {
        "coverage": 0.557442138671875,
        "balanced_error": 0.2533607630535415,
        "worst_group_error": 0.2757767989364653,
        "group_errors": [
          0.23094472717061776,
          0.2757767989364653
        ]
      }
    },
    {
      "target_rejection": 0.6,
      "beta": [
        0.6114210506567836,
        0.3885789493432163
      ],
      "alpha": [
        0.42541789064514157,
        0.014387752921838103
      ],
      "mu": [
        0.0,
        8.5
      ],
      "cost_test": 0.8207440376281738,
      "test_metrics": {
        "coverage": 0.47092401123046873,
        "balanced_error": 0.20071108388225337,
        "worst_group_error": 0.21404406931011494,
        "group_errors": [
          0.1873780984543918,
          0.21404406931011494
        ]
      }
    },
    {
      "target_rejection": 0.7,
      "beta": [
        0.5797416051504805,
        0.42025839484951943
      ],
      "alpha": [
        0.3752724361579999,
        0.009455261176731435
      ],
      "mu": [
        0.0,
        7.5
      ],
      "cost_test": 0.9779380559921265,
      "test_metrics": {
        "coverage": 0.3913028869628906,
        "balanced_error": 0.14471522459021455,
        "worst_group_error": 0.14850375318967984,
        "group_errors": [
          0.14092669599074925,
          0.14850375318967984
        ]
      }
    },
    {
      "target_rejection": 0.8,
      "beta": [
        0.49757899688201995,
        0.5024210031179799
      ],
      "alpha": [
        0.2915506600164101,
        0.005325086556025661
      ],
      "mu": [
        0.0,
        4.5
      ],
      "cost_test": 1.21755051612854,
      "test_metrics": {
        "coverage": 0.299176025390625,
        "balanced_error": 0.08113404882304157,
        "worst_group_error": 0.08324174982151987,
        "group_errors": [
          0.08324174982151987,
          0.07902634782456326
        ]
      }
    },
    {
      "target_rejection": 0.9,
      "beta": [
        0.5751650825829597,
        0.42483491741704027
      ],
      "alpha": [
        0.2039979687859964,
        0.001274967313320961
      ],
      "mu": [
        0.0,
        -1.0
      ],
      "cost_test": 1.324892282485962,
      "test_metrics": {
        "coverage": 0.1954964599609375,
        "balanced_error": 0.16685577517750116,
        "worst_group_error": 0.31092435102902827,
        "group_errors": [
          0.022787199325974054,
          0.31092435102902827
        ]
      }
    }
  ],
  "rc_curve": {
    "rejection_rates": [
      0.0,
      0.07198303222656255,
      0.17720910644531251,
      0.270626708984375,
      0.3432274169921875,
      0.442557861328125,
      0.5290759887695313,
      0.6086971130371094,
      0.700823974609375,
      0.8045035400390625
    ],
    "worst_group_errors": [
      0.4818461880846317,
      0.4420168200099644,
      0.40936438968077615,
      0.37065967445735176,
      0.30756467601149073,
      0.2757767989364653,
      0.21404406931011494,
      0.14850375318967984,
      0.08324174982151987,
      0.31092435102902827
    ],
    "balanced_errors": [
      0.4792891145166097,
      0.43378976907108,
      0.4054555886908642,
      0.36209062602037156,
      0.3035720985151903,
      0.2533607630535415,
      0.20071108388225337,
      0.14471522459021455,
      0.08113404882304157,
      0.16685577517750116
    ],
    "tail_minus_head": [
      0.005114147136043967,
      0.0164541018777688,
      0.007817601979823896,
      0.01713809687396034,
      0.00798515499260083,
      0.044832071765847525,
      0.026665970855723142,
      0.007577057198930592,
      -0.004215401996956608,
      0.2881371517030542
    ],
    "aurc_worst_group": 0.23342345066836134,
    "aurc_balanced": 0.22060390321301612
  }
}