{
  "description": "Worst-group plug-in via Algorithm 2 with inner CS plug-in (Algorithm 1). Mixture posterior from gating over 3 experts.",
  "experts": [
    "ce_baseline",
    "logitadjust_baseline",
    "balsoftmax_baseline"
  ],
  "target_rejections": [
    0.0,
    0.1,
    0.2,
    0.3,
    0.4,
    0.5,
    0.6,
    0.7,
    0.8,
    0.9
  ],
  "results_per_point": [
    {
      "target_rejection": 0.0,
      "beta": [
        0.26564042497082235,
        0.7343595750291777
      ],
      "alpha": [
        0.9697624535330645,
        0.030235670848577353
      ],
      "mu": [
        0.0,
        1.0
      ],
      "cost_test": 10.443897247314453,
      "test_metrics": {
        "coverage": 1.0,
        "balanced_error": 0.4981525565841061,
        "worst_group_error": 0.5025385100511363,
        "group_errors": [
          0.493766603117076,
          0.5025385100511363
        ]
      }
    },
    {
      "target_rejection": 0.1,
      "beta": [
        0.29149573801745715,
        0.7085042619825429
      ],
      "alpha": [
        0.8891351018029097,
        0.027015951811189372
      ],
      "mu": [
        0.0,
        12.75
      ],
      "cost_test": 0.4444068968296051,
      "test_metrics": {
        "coverage": 0.9269647871725594,
        "balanced_error": 0.45704059252830787,
        "worst_group_error": 0.4694320669205461,
        "group_errors": [
          0.44464911813606955,
          0.4694320669205461
        ]
      }
    },
    {
      "target_rejection": 0.2,
      "beta": [
        0.29846321156934585,
        0.7015367884306541
      ],
      "alpha": [
        0.8058107276829222,
        0.02383632033245909
      ],
      "mu": [
        0.0,
        13.0
      ],
      "cost_test": 0.4023682475090027,
      "test_metrics": {
        "coverage": 0.8436814670604573,
        "balanced_error": 0.41571779570990985,
        "worst_group_error": 0.42953872879415433,
        "group_errors": [
          0.4018968626256654,
          0.42953872879415433
        ]
      }
    },
    {
      "target_rejection": 0.3,
      "beta": [
        0.3285805850568753,
        0.6714194149431246
      ],
      "alpha": [
        0.7341792977363668,
        0.01947486009638344
      ],
      "mu": [
        0.0,
        11.0
      ],
      "cost_test": 0.4791828393936157,
      "test_metrics": {
        "coverage": 0.7653452902010931,
        "balanced_error": 0.37348765409949164,
        "worst_group_error": 0.38879530542449003,
        "group_errors": [
          0.35818000277449324,
          0.38879530542449003
        ]
      }
    },
    {
      "target_rejection": 0.4,
      "beta": [
        0.34718118182460206,
        0.6528188181753979
      ],
      "alpha": [
        0.6562819202314765,
        0.016545729754491756
      ],
      "mu": [
        0.0,
        11.0
      ],
      "cost_test": 0.45471352338790894,
      "test_metrics": {
        "coverage": 0.6746427810886975,
        "balanced_error": 0.32901683588828656,
        "worst_group_error": 0.3454249694331638,
        "group_errors": [
          0.3126087023434093,
          0.3454249694331638
        ]
      }
    },
    {
      "target_rejection": 0.5,
      "beta": [
        0.4311661347353411,
        0.5688338652646588
      ],
      "alpha": [
        0.5549685234019746,
        0.014771569283018296
      ],
      "mu": [
        0.0,
        11.5
      ],
      "cost_test": 0.40650320053100586,
      "test_metrics": {
        "coverage": 0.5767182265186629,
        "balanced_error": 0.2776134056500935,
        "worst_group_error": 0.32581394386716633,
        "group_errors": [
          0.22941286743302067,
          0.32581394386716633
        ]
      }
    },
    {
      "target_rejection": 0.6,
      "beta": [
        0.46120414398395027,
        0.5387958560160498
      ],
      "alpha": [
        0.4478916690327335,
        0.01286713238628545
      ],
      "mu": [
        0.0,
        12.5
      ],
      "cost_test": 0.32140636444091797,
      "test_metrics": {
        "coverage": 0.4803228771775588,
        "balanced_error": 0.22861255210363873,
        "worst_group_error": 0.26428858657830534,
        "group_errors": [
          0.19293651762897213,
          0.26428858657830534
        ]
      }
    },
    {
      "target_rejection": 0.7,
      "beta": [
        0.362425969080664,
        0.637574030919336
      ],
      "alpha": [
        0.3730455204013072,
        0.009041118965336334
      ],
      "mu": [
        0.0,
        8.25
      ],
      "cost_test": 0.4330294132232666,
      "test_metrics": {
        "coverage": 0.3930372074562251,
        "balanced_error": 0.17160871677076361,
        "worst_group_error": 0.18001774619528252,
        "group_errors": [
          0.1631996873462447,
          0.18001774619528252
        ]
      }
    },
    {
      "target_rejection": 0.8,
      "beta": [
        0.48794112445568094,
        0.512058875544319
      ],
      "alpha": [
        0.25989642804681107,
        0.006201300266153726
      ],
      "mu": [
        0.0,
        7.75
      ],
      "cost_test": 0.31133556365966797,
      "test_metrics": {
        "coverage": 0.2742128738883744,
        "balanced_error": 0.1120281905366177,
        "worst_group_error": 0.12439688523437561,
        "group_errors": [
          0.09965949583885977,
          0.12439688523437561
        ]
      }
    },
    {
      "target_rejection": 0.9,
      "beta": [
        0.5245656914216449,
        0.475434308578355
      ],
      "alpha": [
        0.14062481996200216,
        0.002981785269384944
      ],
      "mu": [
        0.0,
        6.0
      ],
      "cost_test": 0.2026991844177246,
      "test_metrics": {
        "coverage": 0.14128905387640053,
        "balanced_error": 0.038031299254456516,
        "worst_group_error": 0.03826826701013466,
        "group_errors": [
          0.03779433149877837,
          0.03826826701013466
        ]
      }
    }
  ],
  "rc_curve": {
    "rejection_rates": [
      0.0,
      0.07303521282744063,
      0.15631853293954268,
      0.2346547097989069,
      0.32535721891130254,
      0.4232817734813371,
      0.5196771228224413,
      0.6069627925437748,
      0.7257871261116255,
      0.8587109461235994
    ],
    "worst_group_errors": [
      0.5025385100511363,
      0.4694320669205461,
      0.42953872879415433,
      0.38879530542449003,
      0.3454249694331638,
      0.32581394386716633,
      0.26428858657830534,
      0.18001774619528252,
      0.12439688523437561,
      0.03826826701013466
    ],
    "balanced_errors": [
      0.4981525565841061,
      0.45704059252830787,
      0.41571779570990985,
      0.37348765409949164,
      0.32901683588828656,
      0.2776134056500935,
      0.22861255210363873,
      0.17160871677076361,
      0.1120281905366177,
      0.038031299254456516
    ],
    "tail_minus_head": [
      0.00877190693406027,
      0.024782948784476566,
      0.02764186616848896,
      0.03061530264999679,
      0.03281626708975449,
      0.09640107643414567,
      0.07135206894933321,
      0.01681805884903781,
      0.02473738939551584,
      0.0004739355113562854
    ],
    "aurc_worst_group": 0.24787377870824498,
    "aurc_balanced": 0.23238803079363726
  }
}