{
  "description": "Worst-group plug-in via Algorithm 2 with inner CS plug-in (Algorithm 1). Mixture posterior from gating over 3 experts.",
  "experts": [
    "ce_baseline",
    "logitadjust_baseline",
    "balsoftmax_baseline"
  ],
  "target_rejections": [
    0.0,
    0.1,
    0.2,
    0.3,
    0.4,
    0.5,
    0.6,
    0.7,
    0.8,
    0.9
  ],
  "results_per_point": [
    {
      "target_rejection": 0.0,
      "beta": [
        0.2663924976003988,
        0.7336075023996013
      ],
      "alpha": [
        0.9697644265464707,
        0.030235676407986592
      ],
      "mu": [
        0.0,
        1.0
      ],
      "cost_test": 10.43303108215332,
      "test_metrics": {
        "coverage": 1.0,
        "balanced_error": 0.4982645248650131,
        "worst_group_error": 0.5030000339936375,
        "group_errors": [
          0.49352901573638874,
          0.5030000339936375
        ]
      }
    },
    {
      "target_rejection": 0.1,
      "beta": [
        0.2879971415417241,
        0.7120028584582759
      ],
      "alpha": [
        0.884326203020813,
        0.027204085425927248
      ],
      "mu": [
        0.0,
        14.0
      ],
      "cost_test": 0.3811740577220917,
      "test_metrics": {
        "coverage": 0.9230501708984375,
        "balanced_error": 0.4584704254334372,
        "worst_group_error": 0.4734275970033647,
        "group_errors": [
          0.44351325386350965,
          0.4734275970033647
        ]
      }
    },
    {
      "target_rejection": 0.2,
      "beta": [
        0.29906377081692903,
        0.7009362291830709
      ],
      "alpha": [
        0.8056090875824514,
        0.023839639474632787
      ],
      "mu": [
        0.0,
        12.75
      ],
      "cost_test": 0.41066911816596985,
      "test_metrics": {
        "coverage": 0.845057373046875,
        "balanced_error": 0.4153881054919328,
        "worst_group_error": 0.4292188854035662,
        "group_errors": [
          0.4015573255802994,
          0.4292188854035662
        ]
      }
    },
    {
      "target_rejection": 0.3,
      "beta": [
        0.3287440178355478,
        0.6712559821644523
      ],
      "alpha": [
        0.7341436598307256,
        0.01947486152030949
      ],
      "mu": [
        0.0,
        11.0
      ],
      "cost_test": 0.47912928462028503,
      "test_metrics": {
        "coverage": 0.7653452758789062,
        "balanced_error": 0.37348763473786023,
        "worst_group_error": 0.3887952667012272,
        "group_errors": [
          0.35818000277449324,
          0.3887952667012272
        ]
      }
    },
    {
      "target_rejection": 0.4,
      "beta": [
        0.34893468692655827,
        0.6510653130734417
      ],
      "alpha": [
        0.656486972957263,
        0.01656615177946102
      ],
      "mu": [
        0.0,
        11.0
      ],
      "cost_test": 0.4540941119194031,
      "test_metrics": {
        "coverage": 0.673830322265625,
        "balanced_error": 0.32793759838940023,
        "worst_group_error": 0.3454249694331638,
        "group_errors": [
          0.31045022734563665,
          0.3454249694331638
        ]
      }
    },
    {
      "target_rejection": 0.5,
      "beta": [
        0.4311662093035147,
        0.5688337906964854
      ],
      "alpha": [
        0.5549686029719024,
        0.014771571489711952
      ],
      "mu": [
        0.0,
        11.5
      ],
      "cost_test": 0.4065030813217163,
      "test_metrics": {
        "coverage": 0.5767182006835937,
        "balanced_error": 0.2776133809533564,
        "worst_group_error": 0.3258139215873186,
        "group_errors": [
          0.22941284031939418,
          0.3258139215873186
        ]
      }
    },
    {
      "target_rejection": 0.6,
      "beta": [
        0.4612040604313662,
        0.5387959395686337
      ],
      "alpha": [
        0.44789174471087134,
        0.012867134941649209
      ],
      "mu": [
        0.0,
        12.5
      ],
      "cost_test": 0.32140660285949707,
      "test_metrics": {
        "coverage": 0.4803229064941406,
        "balanced_error": 0.22861254745659468,
        "worst_group_error": 0.2642885647243115,
        "group_errors": [
          0.19293653018887785,
          0.2642885647243115
        ]
      }
    },
    {
      "target_rejection": 0.7,
      "beta": [
        0.3603093210283799,
        0.63969067897162
      ],
      "alpha": [
        0.3734097483373631,
        0.009041120047828968
      ],
      "mu": [
        0.0,
        8.25
      ],
      "cost_test": 0.4327567219734192,
      "test_metrics": {
        "coverage": 0.3927802734375,
        "balanced_error": 0.17188510531647175,
        "worst_group_error": 0.1802600573264136,
        "group_errors": [
          0.1635101533065299,
          0.1802600573264136
        ]
      }
    },
    {
      "target_rejection": 0.8,
      "beta": [
        0.4879411425943442,
        0.5120588574056558
      ],
      "alpha": [
        0.2598964520468692,
        0.006201300905131228
      ],
      "mu": [
        0.0,
        7.75
      ],
      "cost_test": 0.3113354444503784,
      "test_metrics": {
        "coverage": 0.2742129211425781,
        "balanced_error": 0.11202819922434834,
        "worst_group_error": 0.1243969068299173,
        "group_errors": [
          0.09965949161877939,
          0.1243969068299173
        ]
      }
    },
    {
      "target_rejection": 0.9,
      "beta": [
        0.5245656932735352,
        0.47543430672646486
      ],
      "alpha": [
        0.14062483328937467,
        0.002981785659747482
      ],
      "mu": [
        0.0,
        6.0
      ],
      "cost_test": 0.2026994228363037,
      "test_metrics": {
        "coverage": 0.1412890625,
        "balanced_error": 0.0380312977242428,
        "worst_group_error": 0.03826826394970723,
        "group_errors": [
          0.03779433149877837,
          0.03826826394970723
        ]
      }
    }
  ],
  "rc_curve": {
    "rejection_rates": [
      0.0,
      0.07694982910156245,
      0.154942626953125,
      0.23465472412109378,
      0.326169677734375,
      0.4232817993164063,
      0.5196770935058594,
      0.6072197265625,
      0.7257870788574219,
      0.8587109374999999
    ],
    "worst_group_errors": [
      0.5030000339936375,
      0.4734275970033647,
      0.4292188854035662,
      0.3887952667012272,
      0.3454249694331638,
      0.3258139215873186,
      0.2642885647243115,
      0.1802600573264136,
      0.1243969068299173,
      0.03826826394970723
    ],
    "balanced_errors": [
      0.4982645248650131,
      0.4584704254334372,
      0.4153881054919328,
      0.37348763473786023,
      0.32793759838940023,
      0.2776133809533564,
      0.22861254745659468,
      0.17188510531647175,
      0.11202819922434834,
      0.0380312977242428
    ],
    "tail_minus_head": [
      0.00947101825724872,
      0.029914343139855026,
      0.02766155982326679,
      0.03061526392673397,
      0.034974742087527155,
      0.0964010812679244,
      0.07135203453543365,
      0.016749904019883688,
      0.02473741521113791,
      0.00047393245092886005
    ],
    "aurc_worst_group": 0.24833178131225372,
    "aurc_balanced": 0.23256159642452726
  }
}