{
  "description": "Worst-group plug-in via Algorithm 2 with inner CS plug-in (Algorithm 1). Using ONLY balsoftmax_baseline.",
  "expert_name": "balsoftmax_baseline",
  "target_rejections": [
    0.0,
    0.1,
    0.2,
    0.3,
    0.4,
    0.5,
    0.6,
    0.7,
    0.8,
    0.9
  ],
  "results_per_point": [
    {
      "target_rejection": 0.0,
      "beta": [
        0.6593962032199311,
        0.3406037967800689
      ],
      "alpha": [
        0.9689301729902327,
        0.031039966341923207
      ],
      "mu": [
        0.0,
        4.0
      ],
      "cost_test": 4.391504287719727,
      "test_metrics": {
        "coverage": 0.9998582153320312,
        "balanced_error": 0.5354224527225362,
        "worst_group_error": 0.5404218094293433,
        "group_errors": [
          0.5404218094293433,
          0.5304230960157292
        ]
      }
    },
    {
      "target_rejection": 0.1,
      "beta": [
        0.6667552393083913,
        0.33324476069160863
      ],
      "alpha": [
        0.8524453664954933,
        0.02867378116567146
      ],
      "mu": [
        0.0,
        8.25
      ],
      "cost_test": 0.5277758836746216,
      "test_metrics": {
        "coverage": 0.9034329833984375,
        "balanced_error": 0.4997041936878266,
        "worst_group_error": 0.5056326291056948,
        "group_errors": [
          0.4937757582699584,
          0.5056326291056948
        ]
      }
    },
    {
      "target_rejection": 0.2,
      "beta": [
        0.6847756683987433,
        0.3152243316012567
      ],
      "alpha": [
        0.7736789396546622,
        0.02533198701478271
      ],
      "mu": [
        0.0,
        6.5
      ],
      "cost_test": 0.8631610870361328,
      "test_metrics": {
        "coverage": 0.8326080932617187,
        "balanced_error": 0.4531426447423129,
        "worst_group_error": 0.45964588505501003,
        "group_errors": [
          0.4466394044296158,
          0.45964588505501003
        ]
      }
    },
    {
      "target_rejection": 0.3,
      "beta": [
        0.6375688274028662,
        0.3624311725971337
      ],
      "alpha": [
        0.6752402117512213,
        0.023042615436726106
      ],
      "mu": [
        0.0,
        7.25
      ],
      "cost_test": 0.8588051795959473,
      "test_metrics": {
        "coverage": 0.7510025634765625,
        "balanced_error": 0.413792318529228,
        "worst_group_error": 0.415014256733619,
        "group_errors": [
          0.41257038032483695,
          0.415014256733619
        ]
      }
    },
    {
      "target_rejection": 0.4,
      "beta": [
        0.6052632181826247,
        0.3947367818173753
      ],
      "alpha": [
        0.5992996713324108,
        0.019617489397797533
      ],
      "mu": [
        0.0,
        7.0
      ],
      "cost_test": 1.0049173831939697,
      "test_metrics": {
        "coverage": 0.66913427734375,
        "balanced_error": 0.36453436620164503,
        "worst_group_error": 0.3685934858377499,
        "group_errors": [
          0.3685934858377499,
          0.3604752465655401
        ]
      }
    },
    {
      "target_rejection": 0.5,
      "beta": [
        0.5410176688284748,
        0.4589823311715252
      ],
      "alpha": [
        0.4835336153583778,
        0.01876828543156232
      ],
      "mu": [
        0.0,
        10.0
      ],
      "cost_test": 0.5512006282806396,
      "test_metrics": {
        "coverage": 0.546161376953125,
        "balanced_error": 0.3297991655924668,
        "worst_group_error": 0.3410038808785847,
        "group_errors": [
          0.3410038808785847,
          0.3185944503063489
        ]
      }
    },
    {
      "target_rejection": 0.6,
      "beta": [
        0.5504448140845044,
        0.44955518591549554
      ],
      "alpha": [
        0.43769295067713143,
        0.014058780778195949
      ],
      "mu": [
        0.0,
        7.75
      ],
      "cost_test": 0.794158935546875,
      "test_metrics": {
        "coverage": 0.47088482666015624,
        "balanced_error": 0.257454154043316,
        "worst_group_error": 0.2580385885703522,
        "group_errors": [
          0.2568697195162798,
          0.2580385885703522
        ]
      }
    },
    {
      "target_rejection": 0.7,
      "beta": [
        0.5710891968116363,
        0.4289108031883638
      ],
      "alpha": [
        0.3996286449557383,
        0.008138076245763307
      ],
      "mu": [
        0.0,
        3.5
      ],
      "cost_test": 1.2473245859146118,
      "test_metrics": {
        "coverage": 0.3989927978515625,
        "balanced_error": 0.1934408692667336,
        "worst_group_error": 0.2187946747374799,
        "group_errors": [
          0.16808706379598728,
          0.2187946747374799
        ]
      }
    },
    {
      "target_rejection": 0.8,
      "beta": [
        0.3951804382977711,
        0.604819561702229
      ],
      "alpha": [
        0.27108584830697824,
        0.005237719768583032
      ],
      "mu": [
        0.0,
        6.0
      ],
      "cost_test": 0.862021803855896,
      "test_metrics": {
        "coverage": 0.285584716796875,
        "balanced_error": 0.1340704910781142,
        "worst_group_error": 0.13632205213290208,
        "group_errors": [
          0.1318189300233263,
          0.13632205213290208
        ]
      }
    },
    {
      "target_rejection": 0.9,
      "beta": [
        0.6104762774059986,
        0.3895237225940013
      ],
      "alpha": [
        0.17874014826237627,
        0.002449471275479113
      ],
      "mu": [
        0.0,
        1.5
      ],
      "cost_test": 0.38692474365234375,
      "test_metrics": {
        "coverage": 0.17065548706054687,
        "balanced_error": 0.06349222691275862,
        "worst_group_error": 0.09967497182158899,
        "group_errors": [
          0.027309482003928246,
          0.09967497182158899
        ]
      }
    }
  ],
  "rc_curve": {
    "rejection_rates": [
      0.00014178466796876954,
      0.09656701660156253,
      0.1673919067382813,
      0.24899743652343753,
      0.33086572265625,
      0.45383862304687494,
      0.5291151733398438,
      0.6010072021484375,
      0.714415283203125,
      0.8293445129394531
    ],
    "worst_group_errors": [
      0.5404218094293433,
      0.5056326291056948,
      0.45964588505501003,
      0.415014256733619,
      0.3685934858377499,
      0.3410038808785847,
      0.2580385885703522,
      0.2187946747374799,
      0.13632205213290208,
      0.09967497182158899
    ],
    "balanced_errors": [
      0.5354224527225362,
      0.4997041936878266,
      0.4531426447423129,
      0.413792318529228,
      0.36453436620164503,
      0.3297991655924668,
      0.257454154043316,
      0.1934408692667336,
      0.1340704910781142,
      0.06349222691275862
    ],
    "tail_minus_head": [
      -0.009998713413614024,
      0.011856870835736444,
      0.013006480625394223,
      0.0024438764087820752,
      -0.008118239272209837,
      -0.022409430572235767,
      0.00116886905407243,
      0.05070761094149262,
      0.004503122109575791,
      0.07236548981766075
    ],
    "aurc_worst_group": 0.26633439046609614,
    "aurc_balanced": 0.2596819970507864
  }
}