{
  "objective": "balanced",
  "param_mode": "group",
  "cost_sweep": [
    -0.9999984502792358,
    -0.9836320281028748,
    -0.9278520941734314,
    -0.8318113684654236,
    -0.736609697341919,
    -0.6152540445327759,
    -0.49467402696609497,
    -0.36263492703437805,
    -0.2020523101091385,
    0.06173551827669144,
    0.3388836681842804,
    0.5386421084403992,
    0.6498546004295349
  ],
  "results_per_cost": [
    {
      "cost": -0.9999984502792358,
      "alpha": [
        0.03999999910593033,
        9.999999747378752e-05
      ],
      "mu": [
        1.0,
        -1.0
      ],
      "val_metrics": {
        "selective_error": 1.0,
        "coverage": 0.0,
        "rejection_rate": 1.0,
        "group_errors": [
          1.0,
          1.0
        ],
        "worst_group_error": 1.0,
        "objective_value": 0.0
      },
      "test_metrics": {
        "selective_error": 1.0,
        "coverage": 0.0,
        "rejection_rate": 1.0,
        "group_errors": [
          1.0,
          1.0
        ],
        "worst_group_error": 1.0
      }
    },
    {
      "cost": -0.9836320281028748,
      "alpha": [
        0.03999999910593033,
        9.999999747378752e-05
      ],
      "mu": [
        1.0,
        -1.0
      ],
      "val_metrics": {
        "selective_error": 0.0,
        "coverage": 0.005457730591297149,
        "rejection_rate": 0.9945422694087028,
        "group_errors": [
          0.0,
          0.0
        ],
        "worst_group_error": 0.0,
        "objective_value": 0.0
      },
      "test_metrics": {
        "selective_error": 0.0,
        "coverage": 0.0011904213577508926,
        "rejection_rate": 0.9988095786422491,
        "group_errors": [
          0.0,
          0.0
        ],
        "worst_group_error": 0.0
      }
    },
    {
      "cost": -0.9278520941734314,
      "alpha": [
        0.03999999910593033,
        9.999999747378752e-05
      ],
      "mu": [
        1.0,
        -1.0
      ],
      "val_metrics": {
        "selective_error": 0.0,
        "coverage": 0.010565133392810821,
        "rejection_rate": 0.9894348666071892,
        "group_errors": [
          0.0,
          0.0
        ],
        "worst_group_error": 0.0,
        "objective_value": 0.0
      },
      "test_metrics": {
        "selective_error": 0.0,
        "coverage": 0.003893933817744255,
        "rejection_rate": 0.9961060661822557,
        "group_errors": [
          0.0,
          0.0
        ],
        "worst_group_error": 0.0
      }
    },
    {
      "cost": -0.8318113684654236,
      "alpha": [
        0.03999999910593033,
        9.999999747378752e-05
      ],
      "mu": [
        1.0,
        -1.0
      ],
      "val_metrics": {
        "selective_error": 0.0,
        "coverage": 0.010565133392810821,
        "rejection_rate": 0.9894348666071892,
        "group_errors": [
          0.0,
          0.0
        ],
        "worst_group_error": 0.0,
        "objective_value": 0.0
      },
      "test_metrics": {
        "selective_error": 0.0,
        "coverage": 0.009275606274604798,
        "rejection_rate": 0.9907243937253952,
        "group_errors": [
          0.0,
          0.0
        ],
        "worst_group_error": 0.0
      }
    },
    {
      "cost": -0.736609697341919,
      "alpha": [
        0.03999999910593033,
        9.999999747378752e-05
      ],
      "mu": [
        1.0,
        -1.0
      ],
      "val_metrics": {
        "selective_error": 0.0,
        "coverage": 0.014962661266326904,
        "rejection_rate": 0.985037338733673,
        "group_errors": [
          0.0,
          0.0
        ],
        "worst_group_error": 0.0,
        "objective_value": 0.0
      },
      "test_metrics": {
        "selective_error": 0.0,
        "coverage": 0.012626764178276063,
        "rejection_rate": 0.987373235821724,
        "group_errors": [
          0.0,
          0.0
        ],
        "worst_group_error": 0.0
      }
    },
    {
      "cost": -0.6152540445327759,
      "alpha": [
        0.03999999910593033,
        9.999999747378752e-05
      ],
      "mu": [
        1.0,
        -1.0
      ],
      "val_metrics": {
        "selective_error": 0.0,
        "coverage": 0.024790264666080475,
        "rejection_rate": 0.9752097353339195,
        "group_errors": [
          0.0,
          0.0
        ],
        "worst_group_error": 0.0,
        "objective_value": 0.0
      },
      "test_metrics": {
        "selective_error": 0.0,
        "coverage": 0.01594219505786896,
        "rejection_rate": 0.984057804942131,
        "group_errors": [
          0.0,
          0.0
        ],
        "worst_group_error": 0.0
      }
    },
    {
      "cost": -0.49467402696609497,
      "alpha": [
        0.03999999910593033,
        9.999999747378752e-05
      ],
      "mu": [
        1.0,
        -1.0
      ],
      "val_metrics": {
        "selective_error": 0.0,
        "coverage": 0.03235917687416077,
        "rejection_rate": 0.9676408231258392,
        "group_errors": [
          0.0,
          0.0
        ],
        "worst_group_error": 0.0,
        "objective_value": 0.0
      },
      "test_metrics": {
        "selective_error": 0.0,
        "coverage": 0.01886235773563385,
        "rejection_rate": 0.9811376422643662,
        "group_errors": [
          0.0,
          0.0
        ],
        "worst_group_error": 0.0
      }
    },
    {
      "cost": -0.36263492703437805,
      "alpha": [
        0.03999999910593033,
        9.999999747378752e-05
      ],
      "mu": [
        1.0,
        -1.0
      ],
      "val_metrics": {
        "selective_error": 0.0,
        "coverage": 0.039015394449234006,
        "rejection_rate": 0.960984605550766,
        "group_errors": [
          0.0,
          0.0
        ],
        "worst_group_error": 0.0,
        "objective_value": 0.0
      },
      "test_metrics": {
        "selective_error": 0.0,
        "coverage": 0.020280954241752625,
        "rejection_rate": 0.9797190457582474,
        "group_errors": [
          0.0,
          0.0
        ],
        "worst_group_error": 0.0
      }
    },
    {
      "cost": -0.2020523101091385,
      "alpha": [
        0.03999999910593033,
        9.999999747378752e-05
      ],
      "mu": [
        1.0,
        -1.0
      ],
      "val_metrics": {
        "selective_error": 0.0,
        "coverage": 0.039015394449234006,
        "rejection_rate": 0.960984605550766,
        "group_errors": [
          0.0,
          0.0
        ],
        "worst_group_error": 0.0,
        "objective_value": 0.0
      },
      "test_metrics": {
        "selective_error": 0.0,
        "coverage": 0.02153014689683914,
        "rejection_rate": 0.9784698531031608,
        "group_errors": [
          0.0,
          0.0
        ],
        "worst_group_error": 0.0
      }
    },
    {
      "cost": 0.06173551827669144,
      "alpha": [
        0.03999999910593033,
        9.999999747378752e-05
      ],
      "mu": [
        1.0,
        -1.0
      ],
      "val_metrics": {
        "selective_error": 0.0,
        "coverage": 0.04289665222167969,
        "rejection_rate": 0.9571033477783203,
        "group_errors": [
          0.0,
          0.0
        ],
        "worst_group_error": 0.0,
        "objective_value": 0.0
      },
      "test_metrics": {
        "selective_error": 0.0,
        "coverage": 0.02412533462047577,
        "rejection_rate": 0.9758746653795243,
        "group_errors": [
          0.0,
          0.0
        ],
        "worst_group_error": 0.0
      }
    },
    {
      "cost": 0.3388836681842804,
      "alpha": [
        0.03999999910593033,
        9.999999747378752e-05
      ],
      "mu": [
        1.0,
        -1.0
      ],
      "val_metrics": {
        "selective_error": 0.0,
        "coverage": 0.04992163777351379,
        "rejection_rate": 0.9500783622264862,
        "group_errors": [
          0.0,
          0.0
        ],
        "worst_group_error": 0.0,
        "objective_value": 0.0
      },