{
  "description": "Worst-group plug-in via Algorithm 2 with inner CS plug-in (Algorithm 1). Mixture posterior from gating over 3 experts.",
  "experts": [
    "ce_baseline",
    "logitadjust_baseline",
    "balsoftmax_baseline"
  ],
  "target_rejections": [
    0.0,
    0.1,
    0.2,
    0.3,
    0.4,
    0.5,
    0.6,
    0.7,
    0.8,
    0.9
  ],
  "results_per_point": [
    {
      "target_rejection": 0.0,
      "beta": [
        0.6548426868152714,
        0.3451573131847287
      ],
      "alpha": [
        0.9689066577643406,
        0.03105609965131855
      ],
      "mu": [
        0.0,
        -1.0
      ],
      "cost_test": 6.985289573669434,
      "test_metrics": {
        "coverage": 1.0,
        "balanced_error": 0.4797180571846123,
        "worst_group_error": 0.4822692306272234,
        "group_errors": [
          0.4771668837420012,
          0.4822692306272234
        ]
      }
    },
    {
      "target_rejection": 0.1,
      "beta": [
        0.6834932711854981,
        0.3165067288145019
      ],
      "alpha": [
        0.8780839841454029,
        0.02765744329169225
      ],
      "mu": [
        0.0,
        6.75
      ],
      "cost_test": 0.8069489598274231,
      "test_metrics": {
        "coverage": 0.926153564453125,
        "balanced_error": 0.4321801146494565,
        "worst_group_error": 0.44075747410830934,
        "group_errors": [
          0.42360275519060364,
          0.44075747410830934
        ]
      }
    },
    {
      "target_rejection": 0.2,
      "beta": [
        0.6585680021563292,
        0.34143199784367084
      ],
      "alpha": [
        0.7746943108008488,
        0.026287068729651475
      ],
      "mu": [
        0.0,
        9.0
      ],
      "cost_test": 0.5378173589706421,
      "test_metrics": {
        "coverage": 0.8270582275390626,
        "balanced_error": 0.4015615013269474,
        "worst_group_error": 0.40492845131034155,
        "group_errors": [
          0.39819455134355325,
          0.40492845131034155
        ]
      }
    },
    {
      "target_rejection": 0.3,
      "beta": [
        0.654854018263861,
        0.3451459817361389
      ],
      "alpha": [
        0.6718584437950281,
        0.02430815862463739
      ],
      "mu": [
        0.0,
        10.0
      ],
      "cost_test": 0.4679015874862671,
      "test_metrics": {
        "coverage": 0.72829931640625,
        "balanced_error": 0.36614673268810183,
        "worst_group_error": 0.37368944058624654,
        "group_errors": [
          0.35860402478995707,
          0.37368944058624654
        ]
      }
    },
    {
      "target_rejection": 0.4,
      "beta": [
        0.6688692280189775,
        0.3311307719810225
      ],
      "alpha": [
        0.6065230959695369,
        0.02028476106750043
      ],
      "mu": [
        0.0,
        7.75
      ],
      "cost_test": 0.7667930126190186,
      "test_metrics": {
        "coverage": 0.659938232421875,
        "balanced_error": 0.2982767315829139,
        "worst_group_error": 0.306795194593287,
        "group_errors": [
          0.2897582685725408,
          0.306795194593287
        ]
      }
    },
    {
      "target_rejection": 0.5,
      "beta": [
        0.6524923466713396,
        0.3475076533286604
      ],
      "alpha": [
        0.4952935781580582,
        0.01827858988246477
      ],
      "mu": [
        0.0,
        9.5
      ],
      "cost_test": 0.6383188962936401,
      "test_metrics": {
        "coverage": 0.5491448974609375,
        "balanced_error": 0.25807327550268433,
        "worst_group_error": 0.27389484964749583,
        "group_errors": [
          0.2422517013578728,
          0.27389484964749583
        ]
      }
    },
    {
      "target_rejection": 0.6,
      "beta": [
        0.5966781931094856,
        0.4033218068905144
      ],
      "alpha": [
        0.41479779557841673,
        0.014976192809752908
      ],
      "mu": [
        0.0,
        9.75
      ],
      "cost_test": 0.7233542203903198,
      "test_metrics": {
        "coverage": 0.46288836669921873,
        "balanced_error": 0.19943637546728465,
        "worst_group_error": 0.20961334265765671,
        "group_errors": [
          0.18925940827691262,
          0.20961334265765671
        ]
      }
    },
    {
      "target_rejection": 0.7,
      "beta": [
        0.6277702509870942,
        0.37222974901290584
      ],
      "alpha": [
        0.3494083458652583,
        0.011007209602751292
      ],
      "mu": [
        0.0,
        9.75
      ],
      "cost_test": 0.6466950178146362,
      "test_metrics": {
        "coverage": 0.371606201171875,
        "balanced_error": 0.14853204973809234,
        "worst_group_error": 0.15899856183033936,
        "group_errors": [
          0.1380655376458453,
          0.15899856183033936
        ]
      }
    },
    {
      "target_rejection": 0.8,
      "beta": [
        0.48599054197288294,
        0.514009458027117
      ],
      "alpha": [
        0.2653250445385483,
        0.007074094208188202
      ],
      "mu": [
        0.0,
        8.5
      ],
      "cost_test": 0.745526909828186,
      "test_metrics": {
        "coverage": 0.27923736572265623,
        "balanced_error": 0.07386984254170145,
        "worst_group_error": 0.0871548885490517,
        "group_errors": [
          0.0871548885490517,
          0.06058479653435121
        ]
      }
    },
    {
      "target_rejection": 0.9,
      "beta": [
        0.5745802238681589,
        0.42541977613184107
      ],
      "alpha": [
        0.2061114523439483,
        0.001274967313320961
      ],
      "mu": [
        0.0,
        -1.0
      ],
      "cost_test": 1.326444149017334,
      "test_metrics": {
        "coverage": 0.19569581604003905,
        "balanced_error": 0.13870418658305686,
        "worst_group_error": 0.2545454401187173,
        "group_errors": [
          0.022862933047396415,
          0.2545454401187173
        ]
      }
    }
  ],
  "rc_curve": {
    "rejection_rates": [
      0.0,
      0.07384643554687498,
      0.17294177246093745,
      0.27170068359375,
      0.340061767578125,
      0.45085510253906247,
      0.5371116333007813,
      0.628393798828125,
      0.7207626342773438,
      0.804304183959961
    ],
    "worst_group_errors": [
      0.4822692306272234,
      0.44075747410830934,
      0.40492845131034155,
      0.37368944058624654,
      0.306795194593287,
      0.27389484964749583,
      0.20961334265765671,
      0.15899856183033936,
      0.0871548885490517,
      0.2545454401187173
    ],
    "balanced_errors": [
      0.4797180571846123,
      0.4321801146494565,
      0.4015615013269474,
      0.36614673268810183,
      0.2982767315829139,
      0.25807327550268433,
      0.19943637546728465,
      0.14853204973809234,
      0.07386984254170145,
      0.13870418658305686
    ],
    "tail_minus_head": [
      0.005102346885222153,
      0.017154718917705702,
      0.006733899966788304,
      0.01508541579628947,
      0.017036926020746246,
      0.03164314828962303,
      0.020353934380744093,
      0.020933024184494053,
      -0.026570092014700494,
      0.2316825070713209
    ],
    "aurc_worst_group": 0.23317649375562946,
    "aurc_balanced": 0.22118361018770896
  }
}