{
  "objectives": [
    "balanced",
    "worst_group"
  ],
  "description": "Targeted rejection grid (0.0..0.8) with val-based hyperparameter selection per paper Algorithm 1. Uses 2 experts with UNIFORM weighting (baseline).",
  "method": "plug-in_balanced_val_selection_uniform",
  "weighting": "uniform",
  "hyperparameter_selection": "val_based",
  "algorithm": "Algorithm 1 from paper - optimize (\u03b1,\u03bc) on tunev, select \u03bc on val",
  "experts": [
    "ce_baseline",
    "logitadjust_baseline"
  ],
  "results_per_cost": [
    {
      "target_rejection": 0.0,
      "balanced_error": 0.508474737405777,
      "alpha": [
        0.27226109086603933,
        0.006087655758800176
      ],
      "mu": [
        0.0,
        20.0
      ],
      "cost_val": 67.1829833984375,
      "cost_test": 72.22419738769531,
      "val_metrics": {
        "coverage": 1.0,
        "balanced_error": 0.508474737405777,
        "worst_group_error": 0.5821802020072937,
        "group_errors": [
          0.5821802020072937,
          0.43476927280426025
        ]
      },
      "test_metrics": {
        "coverage": 1.0,
        "balanced_error": 0.5209333598613739,
        "worst_group_error": 0.58482825756073,
        "group_errors": [
          0.58482825756073,
          0.4570384621620178
        ]
      },
      "mu_lambda": 20.0
    },
    {
      "target_rejection": 0.1,
      "balanced_error": 0.44435179233551025,
      "alpha": [
        0.01985060626350558,
        0.0013530277264097218
      ],
      "mu": [
        0.0,
        20.0
      ],
      "cost_val": 168.16152954101562,
      "cost_test": 172.66403198242188,
      "val_metrics": {
        "coverage": 0.9474141203255688,
        "balanced_error": 0.44435179233551025,
        "worst_group_error": 0.45015108585357666,
        "group_errors": [
          0.43855249881744385,
          0.45015108585357666
        ]
      },
      "test_metrics": {
        "coverage": 0.9470499267578125,
        "balanced_error": 0.46197666227817535,
        "worst_group_error": 0.46368542313575745,
        "group_errors": [
          0.46368542313575745,
          0.46026790142059326
        ]
      },
      "mu_lambda": 20.0
    },
    {
      "target_rejection": 0.2,
      "balanced_error": 0.4137857109308243,
      "alpha": [
        0.004871448451148546,
        0.0005722968741400593
      ],
      "mu": [
        0.0,
        11.0
      ],
      "cost_val": 375.83099365234375,
      "cost_test": 385.8361511230469,
      "val_metrics": {
        "coverage": 0.8796442187282848,
        "balanced_error": 0.4137857109308243,
        "worst_group_error": 0.4741613268852234,
        "group_errors": [
          0.35341009497642517,
          0.4741613268852234
        ]
      },
      "test_metrics": {
        "coverage": 0.874078125,
        "balanced_error": 0.4202278107404709,
        "worst_group_error": 0.4748800992965698,
        "group_errors": [
          0.36557552218437195,
          0.4748800992965698
        ]
      },
      "mu_lambda": 11.0
    },
    {
      "target_rejection": 0.3,
      "balanced_error": 0.3711084872484207,
      "alpha": [
        0.010764734975230544,
        0.0005640171136885399
      ],
      "mu": [
        0.0,
        8.0
      ],
      "cost_val": 247.58642578125,
      "cost_test": 245.54281616210938,
      "val_metrics": {
        "coverage": 0.7990320311909199,
        "balanced_error": 0.3711084872484207,
        "worst_group_error": 0.37606847286224365,
        "group_errors": [
          0.37606847286224365,
          0.3661485016345978
        ]
      },
      "test_metrics": {
        "coverage": 0.7946171875,
        "balanced_error": 0.3991459012031555,
        "worst_group_error": 0.403147429227829,
        "group_errors": [
          0.39514437317848206,
          0.403147429227829
        ]
      },
      "mu_lambda": 8.0
    },
    {
      "target_rejection": 0.4,
      "balanced_error": 0.3373420834541321,
      "alpha": [
        0.014355891496670128,
        0.0005636513465875955
      ],
      "mu": [
        0.0,
        6.0
      ],
      "cost_val": 182.7210693359375,
      "cost_test": 173.70880126953125,
      "val_metrics": {
        "coverage": 0.723038679384685,
        "balanced_error": 0.3373420834541321,
        "worst_group_error": 0.35576921701431274,
        "group_errors": [
          0.35576921701431274,
          0.3189149498939514
        ]
      },
      "test_metrics": {
        "coverage": 0.7187205810546875,
        "balanced_error": 0.37152551114559174,
        "worst_group_error": 0.37223267555236816,
        "group_errors": [
          0.37223267555236816,
          0.3708183467388153
        ]
      },
      "mu_lambda": 6.0
    },
    {
      "target_rejection": 0.5,
      "balanced_error": 0.2826792746782303,
      "alpha": [
        0.013086285718729058,
        0.0005630339244646412
      ],
      "mu": [
        0.0,
        5.0
      ],
      "cost_val": 147.4163360595703,
      "cost_test": 132.31533813476562,
      "val_metrics": {
        "coverage": 0.6505024811097706,
        "balanced_error": 0.2826792746782303,
        "worst_group_error": 0.28495654463768005,
        "group_errors": [
          0.28495654463768005,
          0.2804020047187805
        ]
      },
      "test_metrics": {
        "coverage": 0.6329607543945313,
        "balanced_error": 0.3240147978067398,
        "worst_group_error": 0.3595733940601349,
        "group_errors": [
          0.2884562015533447,
          0.3595733940601349
        ]
      },
      "mu_lambda": 5.0
    },
    {
      "target_rejection": 0.6,
      "balanced_error": 0.428402841091156,
      "alpha": [
        1.3252039734798513e-06,
        3.339432536165214e-06
      ],
      "mu": [
        0.0,
        5.0
      ],
      "cost_val": 196105.9375,
      "cost_test": 196455.875,
      "val_metrics": {
        "coverage": 0.5709321027180239,
        "balanced_error": 0.428402841091156,
        "worst_group_error": 0.7949885129928589,
        "group_errors": [
          0.061817169189453125,
          0.7949885129928589
        ]
      },
      "test_metrics": {
        "coverage": 0.5453638916015625,
        "balanced_error": 0.38968954235315323,
        "worst_group_error": 0.6961378455162048,
        "group_errors": [
          0.08324123919010162,
          0.6961378455162048
        ]
      },
      "mu_lambda": 5.0
    },
    {
      "target_rejection": 0.7,
      "balanced_error": 0.3742840811610222,
      "alpha": [
        1.2011744253800977e-06,
        2.6031945040577006e-06
      ],
      "mu": [
        0.0,
        5.0
      ],
      "cost_val": 152986.375,
      "cost_test": 152775.25,
      "val_metrics": {
        "coverage": 0.48121145515206637,
        "balanced_error": 0.3742840811610222,
        "worst_group_error": 0.701421856880188,
        "group_errors": [
          0.047146305441856384,
          0.701421856880188
        ]
      },
      "test_metrics": {
        "coverage": 0.462565673828125,
        "balanced_error": 0.33056868985295296,
        "worst_group_error": 0.6085362434387207,
        "group_errors": [
          0.05260113626718521,
          0.6085362434387207
        ]
      },
      "mu_lambda": 5.0
    },
    {
      "target_rejection": 0.8,
      "balanced_error": 0.1809495184570551,
      "alpha": [
        0.0008202851599352278,
        2.3346762696328967e-06
      ],
      "mu": [
        0.0,
        3.0
      ],
      "cost_val": 2413.420654296875,
      "cost_test": 2112.41162109375,
      "val_metrics": {
        "coverage": 0.3087305486285735,
        "balanced_error": 0.1809495184570551,
        "worst_group_error": 0.33078792691230774,
        "group_errors": [
          0.33078792691230774,
          0.031111110001802444
        ]
      },
      "test_metrics": {
        "coverage": 0.31852239990234377,
        "balanced_error": 0.19711188226938248,
        "worst_group_error": 0.2736939489841461,