{
  "objectives": [
    "balanced",
    "worst_group"
  ],
  "description": "Balanced plug-in with ONLY logitadjust_baseline. Targeted rejection grid (0.0..0.8) with val-based hyperparameter selection per paper Algorithm 1.",
  "method": "plug-in_balanced_val_selection_single_expert",
  "expert_name": "logitadjust_baseline",
  "hyperparameter_selection": "val_based",
  "algorithm": "Algorithm 1 from paper - optimize (\u03b1,\u03bc) on tunev, select \u03bc on val",
  "results_per_cost": [
    {
      "target_rejection": 0.0,
      "cost_val": 21.423227310180664,
      "cost_test": 24.521968841552734,
      "alpha": [
        1.9399969874849567,
        0.059992772590114124
      ],
      "mu": [
        0.0,
        -2.0
      ],
      "selection_method": "val_based",
      "val_metrics": {
        "balanced_error": 0.5406080416941212,
        "worst_group_error": 0.6381391295593686,
        "coverage": 1.0,
        "rejection_rate": 0.0,
        "group_errors": [
          0.6381391295593686,
          0.44307695382887397
        ]
      },
      "test_metrics": {
        "balanced_error": 0.5469689720544255,
        "worst_group_error": 0.6114379196003297,
        "coverage": 1.0,
        "rejection_rate": 0.0,
        "group_errors": [
          0.6114379196003297,
          0.48250002450852136
        ]
      }
    },
    {
      "target_rejection": 0.1,
      "cost_val": 7.028924465179443,
      "cost_test": 7.150806903839111,
      "alpha": [
        1.807079442988194,
        0.05131442545083439
      ],
      "mu": [
        0.0,
        12.0
      ],
      "selection_method": "val_based",
      "val_metrics": {
        "balanced_error": 0.5063090784375575,
        "worst_group_error": 0.6246558309801239,
        "coverage": 0.9000000357627869,
        "rejection_rate": 0.09999996423721313,
        "group_errors": [
          0.6246558309801239,
          0.387962325894991
        ]
      },
      "test_metrics": {
        "balanced_error": 0.5171432802337881,
        "worst_group_error": 0.5984686020168781,
        "coverage": 0.9000000357627869,
        "rejection_rate": 0.09999996423721313,
        "group_errors": [
          0.5984686020168781,
          0.435817958450698
        ]
      }
    },
    {
      "target_rejection": 0.2,
      "cost_val": 3.058382034301758,
      "cost_test": 2.812608242034912,
      "alpha": [
        1.6452927487843978,
        0.04530636860222473
      ],
      "mu": [
        0.0,
        20.5
      ],
      "selection_method": "val_based",
      "val_metrics": {
        "balanced_error": 0.4565540675124367,
        "worst_group_error": 0.5896771628300393,
        "coverage": 0.800000011920929,
        "rejection_rate": 0.19999998807907104,
        "group_errors": [
          0.5896771628300393,
          0.3234309721948341
        ]
      },
      "test_metrics": {
        "balanced_error": 0.48082938424267496,
        "worst_group_error": 0.5603142706260721,
        "coverage": 0.800000011920929,
        "rejection_rate": 0.19999998807907104,
        "group_errors": [
          0.5603142706260721,
          0.4013444978592778
        ]
      }
    },
    {
      "target_rejection": 0.3,
      "cost_val": 6.2413330078125,
      "cost_test": 5.983983993530273,
      "alpha": [
        1.528695002350831,
        0.03553804850568906
      ],
      "mu": [
        0.0,
        12.5
      ],
      "selection_method": "val_based",
      "val_metrics": {
        "balanced_error": 0.41832802919412176,
        "worst_group_error": 0.5648010305617454,
        "coverage": 0.7000000476837158,
        "rejection_rate": 0.2999999523162842,
        "group_errors": [
          0.5648010305617454,
          0.2718550278264982
        ]
      },
      "test_metrics": {
        "balanced_error": 0.4509130132658251,
        "worst_group_error": 0.5431860235032322,
        "coverage": 0.7000000476837158,
        "rejection_rate": 0.2999999523162842,
        "group_errors": [
          0.5431860235032322,
          0.358640003028418
        ]
      }
    },
    {
      "target_rejection": 0.4,
      "cost_val": 2.787459373474121,
      "cost_test": 2.457432746887207,
      "alpha": [
        1.2983722633219217,
        0.03281908354233723
      ],
      "mu": [
        0.0,
        21.5
      ],
      "selection_method": "val_based",
      "val_metrics": {
        "balanced_error": 0.37898943828436216,
        "worst_group_error": 0.5087154882221718,
        "coverage": 0.6000000238418579,
        "rejection_rate": 0.3999999761581421,
        "group_errors": [
          0.5087154882221718,
          0.24926338834655248
        ]
      },
      "test_metrics": {
        "balanced_error": 0.3920127977367893,
        "worst_group_error": 0.4693970972746743,
        "coverage": 0.6000000238418579,
        "rejection_rate": 0.3999999761581421,
        "group_errors": [
          0.4693970972746743,
          0.31462849819890437
        ]
      }
    },
    {
      "target_rejection": 0.5,
      "cost_val": 5.05889892578125,
      "cost_test": 4.481732368469238,
      "alpha": [
        1.2195636076986993,
        0.022385959096111588
      ],
      "mu": [
        0.0,
        14.0
      ],
      "selection_method": "val_based",
      "val_metrics": {
        "balanced_error": 0.334656646437319,
        "worst_group_error": 0.48675932934757843,
        "coverage": 0.5010000467300415,
        "rejection_rate": 0.4989999532699585,
        "group_errors": [
          0.48675932934757843,
          0.18255396352705963
        ]
      },
      "test_metrics": {
        "balanced_error": 0.3529510423174593,
        "worst_group_error": 0.44138734994503276,
        "coverage": 0.5,
        "rejection_rate": 0.5,
        "group_errors": [
          0.44138734994503276,
          0.2645147346898858
        ]
      }
    },
    {
      "target_rejection": 0.6,
      "cost_val": 3.4276273250579834,
      "cost_test": 3.0481014251708984,
      "alpha": [
        0.9839359068538875,
        0.018122665080423567
      ],
      "mu": [
        0.0,
        18.0
      ],
      "selection_method": "val_based",
      "val_metrics": {
        "balanced_error": 0.2458739338563125,
        "worst_group_error": 0.4007313056811694,
        "coverage": 0.4010000228881836,
        "rejection_rate": 0.5989999771118164,
        "group_errors": [
          0.4007313056811694,
          0.09101656203145561
        ]
      },
      "test_metrics": {
        "balanced_error": 0.28343233105469545,
        "worst_group_error": 0.3490874485358645,
        "coverage": 0.40012502670288086,
        "rejection_rate": 0.5998749732971191,
        "group_errors": [
          0.3490874485358645,
          0.21777721357352647
        ]
      }
    },
    {
      "target_rejection": 0.7,
      "cost_val": 2.8811535835266113,
      "cost_test": 2.4105117321014404,
      "alpha": [
        0.736577513436241,
        0.013698213835854303
      ],
      "mu": [
        0.0,
        18.0
      ],
      "selection_method": "val_based",
      "val_metrics": {
        "balanced_error": 0.17508889292669438,
        "worst_group_error": 0.2661964461835764,
        "coverage": 0.30100002884864807,
        "rejection_rate": 0.6989999711513519,
        "group_errors": [
          0.2661964461835764,
          0.08398133966981239
        ]
      },
      "test_metrics": {
        "balanced_error": 0.1958730079546313,
        "worst_group_error": 0.23787226762966743,
        "coverage": 0.30012500286102295,
        "rejection_rate": 0.699874997138977,
        "group_errors": [
          0.23787226762966743,
          0.1538737482795952
        ]
      }
    },
    {
      "target_rejection": 0.8,
      "cost_val": 2.650144338607788,
      "cost_test": 2.0216939449310303,
      "alpha": [
        0.5381013710694711,
        0.00935911818142641
      ],
      "mu": [
        0.0,
        15.5
      ],
      "selection_method": "val_based",