{
  "description": "Worst-group plug-in via Algorithm 2 with inner CS plug-in (Algorithm 1). Using ONLY logitadjust_baseline.",
  "expert_name": "logitadjust_baseline",
  "target_rejections": [
    0.0,
    0.1,
    0.2,
    0.3,
    0.4,
    0.5,
    0.6,
    0.7,
    0.8,
    0.9
  ],
  "results_per_point": [
    {
      "target_rejection": 0.0,
      "beta": [
        0.7601208161355882,
        0.2398791838644118
      ],
      "alpha": [
        0.9688886824328906,
        0.03105609965131855
      ],
      "mu": [
        0.0,
        5.0
      ],
      "cost_test": 1.4535064697265625,
      "test_metrics": {
        "coverage": 1.0,
        "balanced_error": 0.5119674421682886,
        "worst_group_error": 0.5186656158962065,
        "group_errors": [
          0.5186656158962065,
          0.5052692684403707
        ]
      }
    },
    {
      "target_rejection": 0.1,
      "beta": [
        0.7634325655635646,
        0.23656743443643538
      ],
      "alpha": [
        0.8850068695090434,
        0.02760310021381525
      ],
      "mu": [
        0.0,
        4.5
      ],
      "cost_test": 1.0667951107025146,
      "test_metrics": {
        "coverage": 0.9213618774414063,
        "balanced_error": 0.4743454750932178,
        "worst_group_error": 0.4805168116674203,
        "group_errors": [
          0.4805168116674203,
          0.4681741385190153
        ]
      }
    },
    {
      "target_rejection": 0.2,
      "beta": [
        0.7712999257976216,
        0.22870007420237834
      ],
      "alpha": [
        0.8037667329339465,
        0.02449146103087104
      ],
      "mu": [
        0.0,
        4.0
      ],
      "cost_test": 1.1470856666564941,
      "test_metrics": {
        "coverage": 0.8421015014648437,
        "balanced_error": 0.4354469906523568,
        "worst_group_error": 0.4369995497304967,
        "group_errors": [
          0.4338944315742169,
          0.4369995497304967
        ]
      }
    },
    {
      "target_rejection": 0.3,
      "beta": [
        0.769372571816187,
        0.23062742818381302
      ],
      "alpha": [
        0.7148888550422303,
        0.02176882645979692
      ],
      "mu": [
        0.0,
        4.5
      ],
      "cost_test": 0.9951417446136475,
      "test_metrics": {
        "coverage": 0.755086669921875,
        "balanced_error": 0.39502903822095137,
        "worst_group_error": 0.4012605146372891,
        "group_errors": [
          0.3887975618046136,
          0.4012605146372891
        ]
      }
    },
    {
      "target_rejection": 0.4,
      "beta": [
        0.7639589023739592,
        0.23604109762604084
      ],
      "alpha": [
        0.6065003787306777,
        0.02009349954080543
      ],
      "mu": [
        0.0,
        5.5
      ],
      "cost_test": 0.7455199956893921,
      "test_metrics": {
        "coverage": 0.6534306640625,
        "balanced_error": 0.3506777849754008,
        "worst_group_error": 0.36071404452398365,
        "group_errors": [
          0.340641525426818,
          0.36071404452398365
        ]
      }
    },
    {
      "target_rejection": 0.5,
      "beta": [
        0.7739897120488808,
        0.2260102879511193
      ],
      "alpha": [
        0.5662421830190416,
        0.01477218286949189
      ],
      "mu": [
        0.0,
        4.0
      ],
      "cost_test": 1.1035127639770508,
      "test_metrics": {
        "coverage": 0.5878861083984375,
        "balanced_error": 0.29078407232983905,
        "worst_group_error": 0.3054441383270032,
        "group_errors": [
          0.27612400633267487,
          0.3054441383270032
        ]
      }
    },
    {
      "target_rejection": 0.6,
      "beta": [
        0.749783526990472,
        0.250216473009528
      ],
      "alpha": [
        0.46477772765889125,
        0.012469523612263332
      ],
      "mu": [
        0.0,
        4.5
      ],
      "cost_test": 1.023127555847168,
      "test_metrics": {
        "coverage": 0.49203466796875,
        "balanced_error": 0.23704942825096736,
        "worst_group_error": 0.2552095670342753,
        "group_errors": [
          0.21888928946765948,
          0.2552095670342753
        ]
      }
    },
    {
      "target_rejection": 0.7,
      "beta": [
        0.7344567874500687,
        0.26554321254993124
      ],
      "alpha": [
        0.36602462999816066,
        0.009790426980951263
      ],
      "mu": [
        0.0,
        4.5
      ],
      "cost_test": 0.9253575801849365,
      "test_metrics": {
        "coverage": 0.39119342041015626,
        "balanced_error": 0.17049203390196005,
        "worst_group_error": 0.20747090089267864,
        "group_errors": [
          0.13351316691124143,
          0.20747090089267864
        ]
      }
    },
    {
      "target_rejection": 0.8,
      "beta": [
        0.6135621463737769,
        0.38643785362622307
      ],
      "alpha": [
        0.267335302933535,
        0.006760751342133246
      ],
      "mu": [
        0.0,
        4.5
      ],
      "cost_test": 0.8090193271636963,
      "test_metrics": {
        "coverage": 0.2922305908203125,
        "balanced_error": 0.10191522052517452,
        "worst_group_error": 0.12362479322219848,
        "group_errors": [
          0.08020564782815054,
          0.12362479322219848
        ]
      }
    },
    {
      "target_rejection": 0.9,
      "beta": [
        0.5074588890432652,
        0.4925411109567347
      ],
      "alpha": [
        0.15153179223707647,
        0.003716597916773484
      ],
      "mu": [
        0.0,
        6.0
      ],
      "cost_test": 0.2845747470855713,
      "test_metrics": {
        "coverage": 0.15086314392089845,
        "balanced_error": 0.04050280226086264,
        "worst_group_error": 0.04893964202692834,
        "group_errors": [
          0.04893964202692834,
          0.03206596249479694
        ]
      }
    }
  ],
  "rc_curve": {
    "rejection_rates": [
      0.0,
      0.0786381225585937,
      0.15789849853515625,
      0.244913330078125,
      0.34656933593749994,
      0.41211389160156253,
      0.50796533203125,
      0.6088065795898437,
      0.7077694091796876,
      0.8491368560791015
    ],
    "worst_group_errors": [
      0.5186656158962065,
      0.4805168116674203,
      0.4369995497304967,
      0.4012605146372891,
      0.36071404452398365,
      0.3054441383270032,
      0.2552095670342753,
      0.20747090089267864,
      0.12362479322219848,
      0.04893964202692834
    ],
    "balanced_errors": [
      0.5119674421682886,
      0.4743454750932178,
      0.4354469906523568,
      0.39502903822095137,
      0.3506777849754008,
      0.29078407232983905,
      0.23704942825096736,
      0.17049203390196005,
      0.10191522052517452,
      0.04050280226086264
    ],
    "tail_minus_head": [
      -0.013396347455835844,
      -0.012342673148404981,
      0.0031051181562797847,
      0.012462952832675511,
      0.02007251909716562,
      0.029320131994328313,
      0.036320277566615794,
      0.07395773398143721,
      0.04341914539404794,
      -0.016873679532131397
    ],
    "aurc_worst_group": 0.25145890692169376,
    "aurc_balanced": 0.2392839930518506
  }
}