{
  "description": "Worst-group plug-in via Algorithm 2 with inner CS plug-in (Algorithm 1). Mixture posterior from UNIFORM weighting over 3 experts.",
  "weighting": "uniform",
  "experts": [
    "ce_baseline",
    "logitadjust_baseline",
    "balsoftmax_baseline"
  ],
  "target_rejections": [
    0.0,
    0.1,
    0.2,
    0.3,
    0.4,
    0.5,
    0.6,
    0.7,
    0.8,
    0.9
  ],
  "results_per_point": [
    {
      "target_rejection": 0.0,
      "beta": [
        0.7443850650708137,
        0.2556149349291864
      ],
      "alpha": [
        0.9697640303543726,
        0.030198800204106205
      ],
      "mu": [
        0.0,
        6.0
      ],
      "cost_test": 1.1936651468276978,
      "test_metrics": {
        "coverage": 1.0,
        "balanced_error": 0.4792124629020691,
        "worst_group_error": 0.48334798216819763,
        "group_errors": [
          0.48334798216819763,
          0.47507694363594055
        ]
      }
    },
    {
      "target_rejection": 0.1,
      "beta": [
        0.7680138957942895,
        0.23198610420571056
      ],
      "alpha": [
        0.8862773558375545,
        0.02715268604470271
      ],
      "mu": [
        0.0,
        5.5
      ],
      "cost_test": 0.763717532157898,
      "test_metrics": {
        "coverage": 0.9191781005859375,
        "balanced_error": 0.43597446382045746,
        "worst_group_error": 0.4379381835460663,
        "group_errors": [
          0.43401074409484863,
          0.4379381835460663
        ]
      }
    },
    {
      "target_rejection": 0.2,
      "beta": [
        0.7562264665922773,
        0.24377353340772262
      ],
      "alpha": [
        0.8045567564435969,
        0.02399811148215107
      ],
      "mu": [
        0.0,
        5.75
      ],
      "cost_test": 0.8253326416015625,
      "test_metrics": {
        "coverage": 0.83565966796875,
        "balanced_error": 0.3943303972482681,
        "worst_group_error": 0.40067315101623535,
        "group_errors": [
          0.40067315101623535,
          0.3879876434803009
        ]
      }
    },
    {
      "target_rejection": 0.3,
      "beta": [
        0.7463905264351238,
        0.2536094735648761
      ],
      "alpha": [
        0.6976671072041165,
        0.021827038859125993
      ],
      "mu": [
        0.0,
        6.5
      ],
      "cost_test": 0.7657414674758911,
      "test_metrics": {
        "coverage": 0.74212451171875,
        "balanced_error": 0.35336722433567047,
        "worst_group_error": 0.35536807775497437,
        "group_errors": [
          0.35536807775497437,
          0.3513663709163666
        ]
      }
    },
    {
      "target_rejection": 0.4,
      "beta": [
        0.746533135402975,
        0.25346686459702505
      ],
      "alpha": [
        0.6116533102143102,
        0.0189244866603009
      ],
      "mu": [
        0.0,
        6.25
      ],
      "cost_test": 0.8614578247070312,
      "test_metrics": {
        "coverage": 0.6562794189453125,
        "balanced_error": 0.3046106845140457,
        "worst_group_error": 0.3087535798549652,
        "group_errors": [
          0.3004677891731262,
          0.3087535798549652
        ]
      }
    },
    {
      "target_rejection": 0.5,
      "beta": [
        0.7390701264365134,
        0.2609298735634866
      ],
      "alpha": [
        0.5225177996042804,
        0.01607635839305839
      ],
      "mu": [
        0.0,
        7.0
      ],
      "cost_test": 0.8274344205856323,
      "test_metrics": {
        "coverage": 0.5646527099609375,
        "balanced_error": 0.26054826378822327,
        "worst_group_error": 0.27375999093055725,
        "group_errors": [
          0.24733653664588928,
          0.27375999093055725
        ]
      }
    },
    {
      "target_rejection": 0.6,
      "beta": [
        0.6815587033537932,
        0.31844129664620674
      ],
      "alpha": [
        0.46740495576680746,
        0.011188737453823068
      ],
      "mu": [
        0.0,
        6.5
      ],
      "cost_test": 1.1715004444122314,
      "test_metrics": {
        "coverage": 0.49491104125976565,
        "balanced_error": 0.20628885924816132,
        "worst_group_error": 0.20773085951805115,
        "group_errors": [
          0.20773085951805115,
          0.20484685897827148
        ]
      }
    },
    {
      "target_rejection": 0.7,
      "beta": [
        0.6814208244582874,
        0.3185791755417125
      ],
      "alpha": [
        0.3810423960348912,
        0.008111813618127087
      ],
      "mu": [
        0.0,
        7.0
      ],
      "cost_test": 1.0739459991455078,
      "test_metrics": {
        "coverage": 0.3945630187988281,
        "balanced_error": 0.14396902173757553,
        "worst_group_error": 0.15252558887004852,
        "group_errors": [
          0.13541245460510254,
          0.15252558887004852
        ]
      }
    },
    {
      "target_rejection": 0.8,
      "beta": [
        0.5493336652473828,
        0.4506663347526172
      ],
      "alpha": [
        0.27650641681343735,
        0.005689808922398199
      ],
      "mu": [
        0.0,
        8.0
      ],
      "cost_test": 0.9437373876571655,
      "test_metrics": {
        "coverage": 0.2862335205078125,
        "balanced_error": 0.0845453217625618,
        "worst_group_error": 0.09779217839241028,
        "group_errors": [
          0.09779217839241028,
          0.07129846513271332
        ]
      }
    },
    {
      "target_rejection": 0.9,
      "beta": [
        0.5909413523790641,
        0.4090586476209358
      ],
      "alpha": [
        0.19346731180596516,
        0.0010112216481300274
      ],
      "mu": [
        0.0,
        1.0
      ],
      "cost_test": 1.577383279800415,
      "test_metrics": {
        "coverage": 0.18866738891601562,
        "balanced_error": 0.04188678879290819,
        "worst_group_error": 0.0602150522172451,
        "group_errors": [
          0.02355852536857128,
          0.0602150522172451
        ]
      }
    }
  ],
  "rc_curve": {
    "rejection_rates": [
      0.0,
      0.08082189941406248,
      0.16434033203124998,
      0.25787548828124995,
      0.3437205810546875,
      0.4353472900390625,
      0.5050889587402343,
      0.605436981201172,
      0.7137664794921875,
      0.8113326110839844
    ],
    "worst_group_errors": [
      0.48334798216819763,
      0.4379381835460663,
      0.40067315101623535,
      0.35536807775497437,
      0.3087535798549652,
      0.27375999093055725,
      0.20773085951805115,
      0.15252558887004852,
      0.09779217839241028,
      0.0602150522172451
    ],
    "balanced_errors": [
      0.4792124629020691,
      0.43597446382045746,
      0.3943303972482681,
      0.35336722433567047,
      0.3046106845140457,
      0.26054826378822327,
      0.20628885924816132,
      0.14396902173757553,
      0.0845453217625618,
      0.04188678879290819
    ],
    "tail_minus_head": [
      -0.00827103853225708,
      0.003927439451217651,
      -0.012685507535934448,
      -0.004001706838607788,
      0.00828579068183899,
      0.02642345428466797,
      -0.002884000539779663,
      0.017113134264945984,
      -0.02649371325969696,
      0.03665652684867382
    ],
    "aurc_worst_group": 0.2189326866017439,
    "aurc_balanced": 0.21315638555212923
  }
}