{
  "description": "Worst-group plug-in via Algorithm 2 with inner CS plug-in (Algorithm 1). Mixture posterior from gating over 3 experts.",
  "experts": [
    "ce_baseline",
    "logitadjust_baseline",
    "balsoftmax_baseline"
  ],
  "target_rejections": [
    0.0,
    0.1,
    0.2,
    0.3,
    0.4,
    0.5,
    0.6,
    0.7,
    0.8
  ],
  "results_per_point": [
    {
      "target_rejection": 0.0,
      "beta": [
        0.7546424242638958,
        0.24535757573610417
      ],
      "alpha": [
        0.9688719282814774,
        0.03105609965131855
      ],
      "mu": [
        0.0,
        3.0
      ],
      "cost_test": 2.6677303314208984,
      "test_metrics": {
        "coverage": 1.0,
        "balanced_error": 0.46168669693175746,
        "worst_group_error": 0.47268103768301967,
        "group_errors": [
          0.47268103768301967,
          0.45069235618049525
        ]
      }
    },
    {
      "target_rejection": 0.1,
      "beta": [
        0.7437589431574995,
        0.25624105684250054
      ],
      "alpha": [
        0.8709601288350326,
        0.02973383897475607
      ],
      "mu": [
        0.0,
        8.0
      ],
      "cost_test": 0.40100300312042236,
      "test_metrics": {
        "coverage": 0.9059313354492188,
        "balanced_error": 0.44247134907608343,
        "worst_group_error": 0.45200997091329986,
        "group_errors": [
          0.45200997091329986,
          0.43293272723886705
        ]
      }
    },
    {
      "target_rejection": 0.2,
      "beta": [
        0.768352756451434,
        0.23164724354856595
      ],
      "alpha": [
        0.7929988284719467,
        0.024655137876457643
      ],
      "mu": [
        0.0,
        4.25
      ],
      "cost_test": 1.1384992599487305,
      "test_metrics": {
        "coverage": 0.8514647216796875,
        "balanced_error": 0.3793816720428359,
        "worst_group_error": 0.38337396599874657,
        "group_errors": [
          0.38337396599874657,
          0.37538937808692524
        ]
      }
    },
    {
      "target_rejection": 0.3,
      "beta": [
        0.7060185897774371,
        0.2939814102225628
      ],
      "alpha": [
        0.6889297684701731,
        0.023568394753353962
      ],
      "mu": [
        0.0,
        6.75
      ],
      "cost_test": 0.8535671234130859,
      "test_metrics": {
        "coverage": 0.746356201171875,
        "balanced_error": 0.34458032511089154,
        "worst_group_error": 0.35847325821725484,
        "group_errors": [
          0.35847325821725484,
          0.33068739200452824
        ]
      }
    },
    {
      "target_rejection": 0.4,
      "beta": [
        0.6828551024754743,
        0.31714489752452574
      ],
      "alpha": [
        0.611017720620164,
        0.020191597355451923
      ],
      "mu": [
        0.0,
        7.0
      ],
      "cost_test": 1.0059692859649658,
      "test_metrics": {
        "coverage": 0.6695653076171875,
        "balanced_error": 0.30705483116349674,
        "worst_group_error": 0.3231238117629587,
        "group_errors": [
          0.3231238117629587,
          0.29098585056403475
        ]
      }
    },
    {
      "target_rejection": 0.5,
      "beta": [
        0.7044254754295467,
        0.2955745245704532
      ],
      "alpha": [
        0.5314678068884036,
        0.01718543772483696
      ],
      "mu": [
        0.0,
        7.0
      ],
      "cost_test": 1.0020568370819092,
      "test_metrics": {
        "coverage": 0.5788017578125,
        "balanced_error": 0.2439825364784698,
        "worst_group_error": 0.2570873549969975,
        "group_errors": [
          0.2570873549969975,
          0.23087771795994208
        ]
      }
    },
    {
      "target_rejection": 0.6,
      "beta": [
        0.7158141491444606,
        0.28418585085553943
      ],
      "alpha": [
        0.4501600026460792,
        0.014258252644044202
      ],
      "mu": [
        0.0,
        6.5
      ],
      "cost_test": 1.0694403648376465,
      "test_metrics": {
        "coverage": 0.4885521240234375,
        "balanced_error": 0.18516579198001823,
        "worst_group_error": 0.1858161557604692,
        "group_errors": [
          0.1858161557604692,
          0.18451542819956726
        ]
      }
    },
    {
      "target_rejection": 0.7,
      "beta": [
        0.7776526864151209,
        0.22234731358487908
      ],
      "alpha": [
        0.3978516876930075,
        0.008269125067224149
      ],
      "mu": [
        0.0,
        3.25
      ],
      "cost_test": 1.5278412103652954,
      "test_metrics": {
        "coverage": 0.4244756469726563,
        "balanced_error": 0.1272243069103693,
        "worst_group_error": 0.14943215900767937,
        "group_errors": [
          0.10501645481305924,
          0.14943215900767937
        ]
      }
    },
    {
      "target_rejection": 0.8,
      "beta": [
        0.7741990914747089,
        0.22580090852529106
      ],
      "alpha": [
        0.3056832817500639,
        0.0059209813500544365
      ],
      "mu": [
        0.0,
        3.0
      ],
      "cost_test": 1.325815200805664,
      "test_metrics": {
        "coverage": 0.3231308288574219,
        "balanced_error": 0.0748834251154462,
        "worst_group_error": 0.10422214197918366,
        "group_errors": [
          0.04554470825170873,
          0.10422214197918366
        ]
      }
    }
  ],
  "rc_curve": {
    "rejection_rates": [
      0.0,
      0.09406866455078122,
      0.14853527832031255,
      0.25364379882812504,
      0.33043469238281253,
      0.4211982421875,
      0.5114478759765625,
      0.5755243530273437,
      0.676869171142578
    ],
    "worst_group_errors": [
      0.47268103768301967,
      0.45200997091329986,
      0.38337396599874657,
      0.35847325821725484,
      0.3231238117629587,
      0.2570873549969975,
      0.1858161557604692,
      0.14943215900767937,
      0.10422214197918366
    ],
    "balanced_errors": [
      0.46168669693175746,
      0.44247134907608343,
      0.3793816720428359,
      0.34458032511089154,
      0.30705483116349674,
      0.2439825364784698,
      0.18516579198001823,
      0.1272243069103693,
      0.0748834251154462
    ],
    "tail_minus_head": [
      -0.02198868150252442,
      -0.01907724367443281,
      -0.007984587911821328,
      -0.027785866212726607,
      -0.032137961198923926,
      -0.026209637037055394,
      -0.0013007275609019375,
      0.044415704194620126,
      0.05867743372747492
    ],
    "aurc_worst_group": 0.20131093974822897,
    "aurc_balanced": 0.19259736337256927
  }
}