{
  "description": "Worst-group plug-in via Algorithm 2 with inner CS plug-in (Algorithm 1). Mixture posterior from gating over 3 experts.",
  "experts": [
    "ce_baseline",
    "logitadjust_baseline",
    "balsoftmax_baseline"
  ],
  "target_rejections": [
    0.0,
    0.1,
    0.2,
    0.3,
    0.4,
    0.5,
    0.6,
    0.7,
    0.8,
    0.9
  ],
  "results_per_point": [
    {
      "target_rejection": 0.0,
      "beta": [
        0.6541681826654934,
        0.34583181733450674
      ],
      "alpha": [
        0.9689440031760133,
        0.031055595485399948
      ],
      "mu": [
        0.0,
        0.0
      ],
      "cost_test": 6.28480339050293,
      "test_metrics": {
        "coverage": 1.0,
        "balanced_error": 0.47964728863413775,
        "worst_group_error": 0.48184615625538313,
        "group_errors": [
          0.47744842101289237,
          0.48184615625538313
        ]
      }
    },
    {
      "target_rejection": 0.1,
      "beta": [
        0.6408691356351278,
        0.3591308643648722
      ],
      "alpha": [
        0.8554595559227816,
        0.029294343309918494
      ],
      "mu": [
        0.0,
        10.0
      ],
      "cost_test": 0.4261762201786041,
      "test_metrics": {
        "coverage": 0.9130750732421875,
        "balanced_error": 0.44737935358620884,
        "worst_group_error": 0.4479004219152184,
        "group_errors": [
          0.4479004219152184,
          0.44685828525719923
        ]
      }
    },
    {
      "target_rejection": 0.2,
      "beta": [
        0.6605361178982281,
        0.33946388210177186
      ],
      "alpha": [
        0.7739360423982447,
        0.02631011522458839
      ],
      "mu": [
        0.0,
        9.0
      ],
      "cost_test": 0.5315012335777283,
      "test_metrics": {
        "coverage": 0.8269948120117188,
        "balanced_error": 0.4017912174836949,
        "worst_group_error": 0.4060304322191839,
        "group_errors": [
          0.3975520027482059,
          0.4060304322191839
        ]
      }
    },
    {
      "target_rejection": 0.3,
      "beta": [
        0.6524545344502373,
        0.3475454655497626
      ],
      "alpha": [
        0.6648283731802853,
        0.024424262549084114
      ],
      "mu": [
        0.0,
        10.25
      ],
      "cost_test": 0.44877374172210693,
      "test_metrics": {
        "coverage": 0.726099365234375,
        "balanced_error": 0.3680998916517903,
        "worst_group_error": 0.3761496436538678,
        "group_errors": [
          0.3600501396497128,
          0.3761496436538678
        ]
      }
    },
    {
      "target_rejection": 0.4,
      "beta": [
        0.6688692280189775,
        0.3311307719810225
      ],
      "alpha": [
        0.6065230959695369,
        0.02028476106750043
      ],
      "mu": [
        0.0,
        7.75
      ],
      "cost_test": 0.7667919397354126,
      "test_metrics": {
        "coverage": 0.659938232421875,
        "balanced_error": 0.2982767315829139,
        "worst_group_error": 0.306795194593287,
        "group_errors": [
          0.2897582685725408,
          0.306795194593287
        ]
      }
    },
    {
      "target_rejection": 0.5,
      "beta": [
        0.6524923466713396,
        0.3475076533286604
      ],
      "alpha": [
        0.4952966392143821,
        0.01827858988246477
      ],
      "mu": [
        0.0,
        9.5
      ],
      "cost_test": 0.6383121609687805,
      "test_metrics": {
        "coverage": 0.549105712890625,
        "balanced_error": 0.2580065860686996,
        "worst_group_error": 0.27389484964749583,
        "group_errors": [
          0.2421183224899033,
          0.27389484964749583
        ]
      }
    },
    {
      "target_rejection": 0.6,
      "beta": [
        0.5964076196831717,
        0.40359238031682837
      ],
      "alpha": [
        0.41488185053044646,
        0.014972735620935635
      ],
      "mu": [
        0.0,
        9.75
      ],
      "cost_test": 0.7237292528152466,
      "test_metrics": {
        "coverage": 0.46287567138671876,
        "balanced_error": 0.19946714931855475,
        "worst_group_error": 0.20961334265765671,
        "group_errors": [
          0.18932095597945275,
          0.20961334265765671
        ]
      }
    },
    {
      "target_rejection": 0.7,
      "beta": [
        0.6277702509870942,
        0.37222974901290584
      ],
      "alpha": [
        0.3494083458652583,
        0.011006777454149132
      ],
      "mu": [
        0.0,
        9.75
      ],
      "cost_test": 0.6467220783233643,
      "test_metrics": {
        "coverage": 0.371606201171875,
        "balanced_error": 0.14853204973809234,
        "worst_group_error": 0.15899856183033936,
        "group_errors": [
          0.1380655376458453,
          0.15899856183033936
        ]
      }
    },
    {
      "target_rejection": 0.8,
      "beta": [
        0.48599054197288294,
        0.514009458027117
      ],
      "alpha": [
        0.2652863676186347,
        0.007069772692364289
      ],
      "mu": [
        0.0,
        8.5
      ],
      "cost_test": 0.7459514141082764,
      "test_metrics": {
        "coverage": 0.27923736572265623,
        "balanced_error": 0.07386984254170145,
        "worst_group_error": 0.0871548885490517,
        "group_errors": [
          0.0871548885490517,
          0.06058479653435121
        ]
      }
    },
    {
      "target_rejection": 0.9,
      "beta": [
        0.5745802238681589,
        0.42541977613184107
      ],
      "alpha": [
        0.2061114523439483,
        0.001274967313320961
      ],
      "mu": [
        0.0,
        -1.0
      ],
      "cost_test": 1.3264431953430176,
      "test_metrics": {
        "coverage": 0.19569581604003905,
        "balanced_error": 0.13870418658305686,
        "worst_group_error": 0.2545454401187173,
        "group_errors": [
          0.022862933047396415,
          0.2545454401187173
        ]
      }
    }
  ],
  "rc_curve": {
    "rejection_rates": [
      0.0,
      0.08692492675781249,
      0.17300518798828124,
      0.273900634765625,
      0.340061767578125,
      0.45089428710937496,
      0.5371243286132812,
      0.628393798828125,
      0.7207626342773438,
      0.804304183959961
    ],
    "worst_group_errors": [
      0.48184615625538313,
      0.4479004219152184,
      0.4060304322191839,
      0.3761496436538678,
      0.306795194593287,
      0.27389484964749583,
      0.20961334265765671,
      0.15899856183033936,
      0.0871548885490517,
      0.2545454401187173
    ],
    "balanced_errors": [
      0.47964728863413775,
      0.44737935358620884,
      0.4017912174836949,
      0.3680998916517903,
      0.2982767315829139,
      0.2580065860686996,
      0.19946714931855475,
      0.14853204973809234,
      0.07386984254170145,
      0.13870418658305686
    ],
    "tail_minus_head": [
      0.004397735242490763,
      -0.001042136658019166,
      0.008478429470977988,
      0.016099504004155052,
      0.017036926020746246,
      0.03177652715759252,
      0.02029238667820396,
      0.020933024184494053,
      -0.026570092014700494,
      0.2316825070713209
    ],
    "aurc_worst_group": 0.23470296225228696,
    "aurc_balanced": 0.22330550913076624
  }
}