{
  "objectives": [
    "balanced",
    "worst_group"
  ],
  "description": "CORRECTED: Targeted rejection grid (0.0..0.8) with val-based hyperparameter selection per paper Algorithm 1",
  "method": "plug-in_balanced_val_selection",
  "hyperparameter_selection": "val_based",
  "algorithm": "Algorithm 1 from paper - optimize (\u03b1,\u03bc) on tunev, select \u03bc on val",
  "results_per_cost": [
    {
      "target_rejection": 0.0,
      "cost_val": 16.2032470703125,
      "cost_test": 18.270992279052734,
      "alpha": [
        1.9400074333784052,
        0.059891813364913574
      ],
      "mu": [
        0.0,
        -3.0
      ],
      "selection_method": "val_based",
      "val_metrics": {
        "balanced_error": 0.5289638591398825,
        "worst_group_error": 0.6963900069459158,
        "coverage": 0.999000072479248,
        "rejection_rate": 0.0009999275207519531,
        "group_errors": [
          0.36153771133384927,
          0.6963900069459158
        ]
      },
      "test_metrics": {
        "balanced_error": 0.5387175060933489,
        "worst_group_error": 0.6869615048155744,
        "coverage": 1.0,
        "rejection_rate": 0.0,
        "group_errors": [
          0.3904735073711233,
          0.6869615048155744
        ]
      }
    },
    {
      "target_rejection": 0.1,
      "cost_val": 0.6727628111839294,
      "cost_test": 0.6932337284088135,
      "alpha": [
        1.8195163418709326,
        0.052587514102594296
      ],
      "mu": [
        0.0,
        17.5
      ],
      "selection_method": "val_based",
      "val_metrics": {
        "balanced_error": 0.49901181892732516,
        "worst_group_error": 0.6708860658201534,
        "coverage": 0.9000000357627869,
        "rejection_rate": 0.09999996423721313,
        "group_errors": [
          0.32713757203449695,
          0.6708860658201534
        ]
      },
      "test_metrics": {
        "balanced_error": 0.5123736427653691,
        "worst_group_error": 0.6673127346844626,
        "coverage": 0.9000000357627869,
        "rejection_rate": 0.09999996423721313,
        "group_errors": [
          0.3574345508462756,
          0.6673127346844626
        ]
      }
    },
    {
      "target_rejection": 0.2,
      "cost_val": 0.4778880476951599,
      "cost_test": 0.47690194845199585,
      "alpha": [
        1.681684395363078,
        0.04664000236764941
      ],
      "mu": [
        0.0,
        22.25
      ],
      "selection_method": "val_based",
      "val_metrics": {
        "balanced_error": 0.47452714757635095,
        "worst_group_error": 0.6421762636256397,
        "coverage": 0.800000011920929,
        "rejection_rate": 0.19999998807907104,
        "group_errors": [
          0.30687803152706217,
          0.6421762636256397
        ]
      },
      "test_metrics": {
        "balanced_error": 0.4790016763088459,
        "worst_group_error": 0.6360907606763899,
        "coverage": 0.800000011920929,
        "rejection_rate": 0.19999998807907104,
        "group_errors": [
          0.32191259194130184,
          0.6360907606763899
        ]
      }
    },
    {
      "target_rejection": 0.3,
      "cost_val": 0.3539552688598633,
      "cost_test": 0.35900062322616577,
      "alpha": [
        1.5144174047033108,
        0.039769351609416054
      ],
      "mu": [
        0.0,
        23.5
      ],
      "selection_method": "val_based",
      "val_metrics": {
        "balanced_error": 0.43995882700093714,
        "worst_group_error": 0.5932749377852601,
        "coverage": 0.7000000476837158,
        "rejection_rate": 0.2999999523162842,
        "group_errors": [
          0.28664271621661414,
          0.5932749377852601
        ]
      },
      "test_metrics": {
        "balanced_error": 0.44938473474445056,
        "worst_group_error": 0.6096077175488818,
        "coverage": 0.7000000476837158,
        "rejection_rate": 0.2999999523162842,
        "group_errors": [
          0.28916175194001936,
          0.6096077175488818
        ]
      }
    },
    {
      "target_rejection": 0.4,
      "cost_val": 0.2791428565979004,
      "cost_test": 0.28327667713165283,
      "alpha": [
        1.383668119056829,
        0.03190373088294329
      ],
      "mu": [
        0.0,
        20.0
      ],
      "selection_method": "val_based",
      "val_metrics": {
        "balanced_error": 0.3906366634989635,
        "worst_group_error": 0.545454524602892,
        "coverage": 0.6000000238418579,
        "rejection_rate": 0.3999999761581421,
        "group_errors": [
          0.23581880239503497,
          0.545454524602892
        ]
      },
      "test_metrics": {
        "balanced_error": 0.41293396032744056,
        "worst_group_error": 0.5786962233840419,
        "coverage": 0.6000000238418579,
        "rejection_rate": 0.3999999761581421,
        "group_errors": [
          0.24717169727083924,
          0.5786962233840419
        ]
      }
    },
    {
      "target_rejection": 0.5,
      "cost_val": 0.13582289218902588,
      "cost_test": 0.1429734230041504,
      "alpha": [
        1.210938819435417,
        0.02556245954024498
      ],
      "mu": [
        0.0,
        22.0
      ],
      "selection_method": "val_based",
      "val_metrics": {
        "balanced_error": 0.34108564706113503,
        "worst_group_error": 0.48799996027710035,
        "coverage": 0.5010000467300415,
        "rejection_rate": 0.4989999532699585,
        "group_errors": [
          0.1941713338451697,
          0.48799996027710035
        ]
      },
      "test_metrics": {
        "balanced_error": 0.35893247379795257,
        "worst_group_error": 0.5132774045934214,
        "coverage": 0.5001250505447388,
        "rejection_rate": 0.49987494945526123,
        "group_errors": [
          0.2045875430024837,
          0.5132774045934214
        ]
      }
    },
    {
      "target_rejection": 0.6,
      "cost_val": 0.05942249298095703,
      "cost_test": 0.05282402038574219,
      "alpha": [
        0.9943519431207972,
        0.020391170420787058
      ],
      "mu": [
        0.0,
        23.25
      ],
      "selection_method": "val_based",
      "val_metrics": {
        "balanced_error": 0.2985836147645372,
        "worst_group_error": 0.4232331798632223,
        "coverage": 0.4010000228881836,
        "rejection_rate": 0.5989999771118164,
        "group_errors": [
          0.17393404966585216,
          0.4232331798632223
        ]
      },
      "test_metrics": {
        "balanced_error": 0.30512723075422976,
        "worst_group_error": 0.44691509778067984,
        "coverage": 0.40012502670288086,
        "rejection_rate": 0.5998749732971191,
        "group_errors": [
          0.16333936372777966,
          0.44691509778067984
        ]
      }
    },
    {
      "target_rejection": 0.7,
      "cost_val": 0.02158331871032715,
      "cost_test": 0.015664100646972656,
      "alpha": [
        0.7596918349254729,
        0.016757421893213782
      ],
      "mu": [
        0.0,
        20.0
      ],
      "selection_method": "val_based",
      "val_metrics": {
        "balanced_error": 0.24461820915585009,
        "worst_group_error": 0.3511843339662196,
        "coverage": 0.30100002884864807,
        "rejection_rate": 0.6989999711513519,
        "group_errors": [
          0.13805208434548058,
          0.3511843339662196
        ]
      },
      "test_metrics": {
        "balanced_error": 0.2468573407375752,
        "worst_group_error": 0.3639942252113287,
        "coverage": 0.30012500286102295,
        "rejection_rate": 0.699874997138977,
        "group_errors": [
          0.12972045626382173,
          0.3639942252113287
        ]
      }
    },
    {
      "target_rejection": 0.8,
      "cost_val": 0.005080461502075195,
      "cost_test": 0.004036903381347656,
      "alpha": [
        0.546766176461904,
        0.011753309937572847
      ],
      "mu": [
        0.0,
        11.0
      ],
      "selection_method": "val_based",