{
  "description": "Worst-group plug-in via Algorithm 2 with inner CS plug-in (Algorithm 1). Mixture posterior from gating over 3 experts.",
  "experts": [
    "ce_baseline",
    "logitadjust_baseline",
    "balsoftmax_baseline"
  ],
  "target_rejections": [
    0.0,
    0.1,
    0.2,
    0.3,
    0.4,
    0.5,
    0.6,
    0.7,
    0.8,
    0.9
  ],
  "results_per_point": [
    {
      "target_rejection": 0.0,
      "beta": [
        0.3237697645067632,
        0.6762302354932368
      ],
      "alpha": [
        0.9697644265464707,
        0.030235676407986592
      ],
      "mu": [
        0.0,
        1.0
      ],
      "cost_test": 9.960282325744629,
      "test_metrics": {
        "coverage": 1.0,
        "balanced_error": 0.4892231596142206,
        "worst_group_error": 0.49569235681708024,
        "group_errors": [
          0.4827539624113609,
          0.49569235681708024
        ]
      }
    },
    {
      "target_rejection": 0.1,
      "beta": [
        0.35381378122648,
        0.64618621877352
      ],
      "alpha": [
        0.9003261296857272,
        0.0258645175655531
      ],
      "mu": [
        0.0,
        11.0
      ],
      "cost_test": 0.6575696468353271,
      "test_metrics": {
        "coverage": 0.9312713623046875,
        "balanced_error": 0.4500355767105887,
        "worst_group_error": 0.4582437180302875,
        "group_errors": [
          0.4418274353908899,
          0.4582437180302875
        ]
      }
    },
    {
      "target_rejection": 0.2,
      "beta": [
        0.38549459236171346,
        0.6145054076382865
      ],
      "alpha": [
        0.8490520849631331,
        0.020718896903557354
      ],
      "mu": [
        0.0,
        6.0
      ],
      "cost_test": 0.9583722949028015,
      "test_metrics": {
        "coverage": 0.8671107177734375,
        "balanced_error": 0.4149679919652757,
        "worst_group_error": 0.4218530421378666,
        "group_errors": [
          0.4080829417926848,
          0.4218530421378666
        ]
      }
    },
    {
      "target_rejection": 0.3,
      "beta": [
        0.37894828532293057,
        0.6210517146770694
      ],
      "alpha": [
        0.7224583127967901,
        0.02107180877737893
      ],
      "mu": [
        0.0,
        10.5
      ],
      "cost_test": 0.5377325415611267,
      "test_metrics": {
        "coverage": 0.769407470703125,
        "balanced_error": 0.3532966995352204,
        "worst_group_error": 0.36728715938324247,
        "group_errors": [
          0.33930623968719836,
          0.36728715938324247
        ]
      }
    },
    {
      "target_rejection": 0.4,
      "beta": [
        0.42907911059564646,
        0.5709208894043536
      ],
      "alpha": [
        0.6564958987831653,
        0.01664101277407763
      ],
      "mu": [
        0.0,
        11.0
      ],
      "cost_test": 0.5323474407196045,
      "test_metrics": {
        "coverage": 0.6787867431640625,
        "balanced_error": 0.31244577484020175,
        "worst_group_error": 0.3299256710114578,
        "group_errors": [
          0.29496587866894575,
          0.3299256710114578
        ]
      }
    },
    {
      "target_rejection": 0.5,
      "beta": [
        0.5127502848419409,
        0.48724971515805915
      ],
      "alpha": [
        0.5810113875390983,
        0.013365561614358281
      ],
      "mu": [
        0.0,
        11.0
      ],
      "cost_test": 0.5175302028656006,
      "test_metrics": {
        "coverage": 0.5838043212890625,
        "balanced_error": 0.2625424218208807,
        "worst_group_error": 0.3023215931244069,
        "group_errors": [
          0.22276325051735463,
          0.3023215931244069
        ]
      }
    },
    {
      "target_rejection": 0.6,
      "beta": [
        0.4363080756260432,
        0.5636919243739568
      ],
      "alpha": [
        0.4517766729956456,
        0.012259175701120253
      ],
      "mu": [
        0.0,
        11.5
      ],
      "cost_test": 0.4880681037902832,
      "test_metrics": {
        "coverage": 0.48103506469726565,
        "balanced_error": 0.21774936276282195,
        "worst_group_error": 0.24331882573861952,
        "group_errors": [
          0.19217989978702438,
          0.24331882573861952
        ]
      }
    },
    {
      "target_rejection": 0.7,
      "beta": [
        0.44163683989038616,
        0.5583631601096138
      ],
      "alpha": [
        0.3899076980504681,
        0.008391350448667578
      ],
      "mu": [
        0.0,
        7.5
      ],
      "cost_test": 0.6212303638458252,
      "test_metrics": {
        "coverage": 0.4019579162597656,
        "balanced_error": 0.15989079036639536,
        "worst_group_error": 0.16966163270949455,
        "group_errors": [
          0.15011994802329615,
          0.16966163270949455
        ]
      }
    },
    {
      "target_rejection": 0.8,
      "beta": [
        0.5049902103621821,
        0.49500978963781805
      ],
      "alpha": [
        0.2596956046472966,
        0.006229282303603594
      ],
      "mu": [
        0.0,
        8.25
      ],
      "cost_test": 0.4348987340927124,
      "test_metrics": {
        "coverage": 0.273212646484375,
        "balanced_error": 0.10520479708926804,
        "worst_group_error": 0.11400376702445378,
        "group_errors": [
          0.0964058271540823,
          0.11400376702445378
        ]
      }
    },
    {
      "target_rejection": 0.9,
      "beta": [
        0.5138570098073153,
        0.48614299019268475
      ],
      "alpha": [
        0.1407205963783199,
        0.0040803226009458494
      ],
      "mu": [
        0.0,
        5.0
      ],
      "cost_test": 0.24649310111999512,
      "test_metrics": {
        "coverage": 0.14884298706054688,
        "balanced_error": 0.027209074371079608,
        "worst_group_error": 0.03240934645376748,
        "group_errors": [
          0.03240934645376748,
          0.022008802288391735
        ]
      }
    }
  ],
  "rc_curve": {
    "rejection_rates": [
      0.0,
      0.06872863769531246,
      0.1328892822265625,
      0.23059252929687502,
      0.3212132568359375,
      0.41619567871093754,
      0.5189649353027344,
      0.5980420837402344,
      0.7267873535156251,
      0.8511570129394531
    ],
    "worst_group_errors": [
      0.49569235681708024,
      0.4582437180302875,
      0.4218530421378666,
      0.36728715938324247,
      0.3299256710114578,
      0.3023215931244069,
      0.24331882573861952,
      0.16966163270949455,
      0.11400376702445378,
      0.03240934645376748
    ],
    "balanced_errors": [
      0.4892231596142206,
      0.4500355767105887,
      0.4149679919652757,
      0.3532966995352204,
      0.31244577484020175,
      0.2625424218208807,
      0.21774936276282195,
      0.15989079036639536,
      0.10520479708926804,
      0.027209074371079608
    ],
    "tail_minus_head": [
      0.012938394405719311,
      0.016416282639397595,
      0.013770100345181835,
      0.027980919696044104,
      0.034959792342512064,
      0.07955834260705225,
      0.05113892595159514,
      0.019541684686198407,
      0.017597939870371476,
      -0.010400544165375745
    ],
    "aurc_worst_group": 0.23291423867465108,
    "aurc_balanced": 0.21993948040583391
  }
}