{
  "description": "Worst-group plug-in via Algorithm 2 with inner CS plug-in (Algorithm 1). Mixture posterior from gating over 3 experts.",
  "experts": [
    "ce_baseline",
    "logitadjust_baseline",
    "balsoftmax_baseline"
  ],
  "target_rejections": [
    0.0,
    0.1,
    0.2,
    0.3,
    0.4,
    0.5,
    0.6,
    0.7,
    0.8,
    0.9
  ],
  "results_per_point": [
    {
      "target_rejection": 0.0,
      "beta": [
        0.5471640004658337,
        0.45283599953416626
      ],
      "alpha": [
        0.9689440031760133,
        0.031055091319481344
      ],
      "mu": [
        0.0,
        -1.0
      ],
      "cost_test": 7.599743366241455,
      "test_metrics": {
        "coverage": 1.0,
        "balanced_error": 0.46032756998458113,
        "worst_group_error": 0.46892306756038105,
        "group_errors": [
          0.45173207240878116,
          0.46892306756038105
        ]
      }
    },
    {
      "target_rejection": 0.1,
      "beta": [
        0.5779849434258315,
        0.42201505657416855
      ],
      "alpha": [
        0.8746755752955548,
        0.028569489206159527
      ],
      "mu": [
        0.0,
        10.75
      ],
      "cost_test": 0.46972835063934326,
      "test_metrics": {
        "coverage": 0.9239893188476562,
        "balanced_error": 0.42194863602209,
        "worst_group_error": 0.437006192915105,
        "group_errors": [
          0.40689107912907496,
          0.437006192915105
        ]
      }
    },
    {
      "target_rejection": 0.2,
      "beta": [
        0.6058909776643976,
        0.39410902233560247
      ],
      "alpha": [
        0.7911460077240176,
        0.02458253559999266
      ],
      "mu": [
        0.0,
        9.0
      ],
      "cost_test": 0.6382521986961365,
      "test_metrics": {
        "coverage": 0.8522218017578125,
        "balanced_error": 0.3814644333161463,
        "worst_group_error": 0.39178168805010605,
        "group_errors": [
          0.3711471785821866,
          0.39178168805010605
        ]
      }
    },
    {
      "target_rejection": 0.3,
      "beta": [
        0.6036437330002679,
        0.3963562669997321
      ],
      "alpha": [
        0.6601268231248776,
        0.026455318540721903
      ],
      "mu": [
        0.0,
        14.5
      ],
      "cost_test": 0.1974371075630188,
      "test_metrics": {
        "coverage": 0.721791748046875,
        "balanced_error": 0.33502136431032337,
        "worst_group_error": 0.41665870350399264,
        "group_errors": [
          0.25338402511665403,
          0.41665870350399264
        ]
      }
    },
    {
      "target_rejection": 0.4,
      "beta": [
        0.6035856988637404,
        0.3964143011362597
      ],
      "alpha": [
        0.5782049217862988,
        0.02329765503990941
      ],
      "mu": [
        0.0,
        14.5
      ],
      "cost_test": 0.2847181558609009,
      "test_metrics": {
        "coverage": 0.6472181396484376,
        "balanced_error": 0.29155974359011594,
        "worst_group_error": 0.3300583802466009,
        "group_errors": [
          0.253061106933631,
          0.3300583802466009
        ]
      }
    },
    {
      "target_rejection": 0.5,
      "beta": [
        0.6116724867514758,
        0.38832751324852416
      ],
      "alpha": [
        0.49929421080751846,
        0.019229025578902492
      ],
      "mu": [
        0.0,
        14.75
      ],
      "cost_test": 0.3613964319229126,
      "test_metrics": {
        "coverage": 0.5530780029296875,
        "balanced_error": 0.25331439760582736,
        "worst_group_error": 0.2800540974985964,
        "group_errors": [
          0.22657469771305833,
          0.2800540974985964
        ]
      }
    },
    {
      "target_rejection": 0.6,
      "beta": [
        0.7016738459073025,
        0.2983261540926975
      ],
      "alpha": [
        0.49986761348571995,
        0.01016257784949122
      ],
      "mu": [
        0.0,
        6.75
      ],
      "cost_test": 0.8671184778213501,
      "test_metrics": {
        "coverage": 0.5240066528320313,
        "balanced_error": 0.2017944417898323,
        "worst_group_error": 0.22068434920225222,
        "group_errors": [
          0.22068434920225222,
          0.18290453437741236
        ]
      }
    },
    {
      "target_rejection": 0.7,
      "beta": [
        0.6147257441795033,
        0.3852742558204967
      ],
      "alpha": [
        0.3409050678060525,
        0.011623163398705085
      ],
      "mu": [
        0.0,
        14.75
      ],
      "cost_test": 0.4488180875778198,
      "test_metrics": {
        "coverage": 0.3541658935546875,
        "balanced_error": 0.1447786418116449,
        "worst_group_error": 0.1672601647874943,
        "group_errors": [
          0.12229711883579551,
          0.1672601647874943
        ]
      }
    },
    {
      "target_rejection": 0.8,
      "beta": [
        0.619573477556853,
        0.38042652244314706
      ],
      "alpha": [
        0.2683894790006176,
        0.007462522268019484
      ],
      "mu": [
        0.0,
        13.0
      ],
      "cost_test": 0.4017345905303955,
      "test_metrics": {
        "coverage": 0.25801260375976565,
        "balanced_error": 0.09356242373322342,
        "worst_group_error": 0.10347551182747888,
        "group_errors": [
          0.08364933563896795,
          0.10347551182747888
        ]
      }
    },
    {
      "target_rejection": 0.9,
      "beta": [
        0.5798871586529978,
        0.4201128413470023
      ],
      "alpha": [
        0.20921833065030399,
        0.002539898091084101
      ],
      "mu": [
        0.0,
        3.0
      ],
      "cost_test": 0.717210054397583,
      "test_metrics": {
        "coverage": 0.19871739196777344,
        "balanced_error": 0.02876041802052522,
        "worst_group_error": 0.04062126680147893,
        "group_errors": [
          0.01689956923957151,
          0.04062126680147893
        ]
      }
    }
  ],
  "rc_curve": {
    "rejection_rates": [
      0.0,
      0.07601068115234377,
      0.14777819824218752,
      0.27820825195312504,
      0.35278186035156245,
      0.44692199707031255,
      0.4759933471679687,
      0.6458341064453125,
      0.7419873962402344,
      0.8012826080322266
    ],
    "worst_group_errors": [
      0.46892306756038105,
      0.437006192915105,
      0.39178168805010605,
      0.41665870350399264,
      0.3300583802466009,
      0.2800540974985964,
      0.22068434920225222,
      0.1672601647874943,
      0.10347551182747888,
      0.04062126680147893
    ],
    "balanced_errors": [
      0.46032756998458113,
      0.42194863602209,
      0.3814644333161463,
      0.33502136431032337,
      0.29155974359011594,
      0.25331439760582736,
      0.2017944417898323,
      0.1447786418116449,
      0.09356242373322342,
      0.02876041802052522
    ],
    "tail_minus_head": [
      0.017190995151599886,
      0.030115113786030046,
      0.02063450946791945,
      0.1632746783873386,
      0.0769972733129699,
      0.05347939978553806,
      -0.03777981482483986,
      0.044963045951698796,
      0.01982617618851093,
      0.023721697561907416
    ],
    "aurc_worst_group": 0.23096452010425744,
    "aurc_balanced": 0.20922844918620212
  }
}