{
  "description": "Worst-group plug-in via Algorithm 2 with inner CS plug-in (Algorithm 1). Mixture posterior from UNIFORM weighting over 2 experts.",
  "weighting": "uniform",
  "experts": [
    "ce_baseline",
    "logitadjust_baseline"
  ],
  "target_rejections": [
    0.0,
    0.1,
    0.2,
    0.3,
    0.4,
    0.5,
    0.6,
    0.7,
    0.8,
    0.9
  ],
  "results_per_point": [
    {
      "target_rejection": 0.0,
      "beta": [
        0.6660526026634134,
        0.3339473973365867
      ],
      "alpha": [
        0.9697644265464707,
        0.030211476086265683
      ],
      "mu": [
        0.0,
        -1.0
      ],
      "cost_test": 6.654353141784668,
      "test_metrics": {
        "coverage": 1.0,
        "balanced_error": 0.4896891564130783,
        "worst_group_error": 0.49757057428359985,
        "group_errors": [
          0.49757057428359985,
          0.48180773854255676
        ]
      }
    },
    {
      "target_rejection": 0.1,
      "beta": [
        0.6761038083247671,
        0.3238961916752328
      ],
      "alpha": [
        0.8789551042495684,
        0.027047305056110197
      ],
      "mu": [
        0.0,
        8.0
      ],
      "cost_test": 0.672897219657898,
      "test_metrics": {
        "coverage": 0.9157174682617187,
        "balanced_error": 0.45128481090068817,
        "worst_group_error": 0.4534170627593994,
        "group_errors": [
          0.4534170627593994,
          0.44915255904197693
        ]
      }
    },
    {
      "target_rejection": 0.2,
      "beta": [
        0.697690954033387,
        0.30230904596661307
      ],
      "alpha": [
        0.8101376258032578,
        0.023170034368644815
      ],
      "mu": [
        0.0,
        6.0
      ],
      "cost_test": 0.9809464812278748,
      "test_metrics": {
        "coverage": 0.8409007568359375,
        "balanced_error": 0.40847186744213104,
        "worst_group_error": 0.4098048508167267,
        "group_errors": [
          0.4071388840675354,
          0.4098048508167267
        ]
      }
    },
    {
      "target_rejection": 0.3,
      "beta": [
        0.7183883903672532,
        0.28161160963274673
      ],
      "alpha": [
        0.7412119271307298,
        0.01992999438642721
      ],
      "mu": [
        0.0,
        5.0
      ],
      "cost_test": 1.0881457328796387,
      "test_metrics": {
        "coverage": 0.7663858642578125,
        "balanced_error": 0.36977165937423706,
        "worst_group_error": 0.38173624873161316,
        "group_errors": [
          0.35780707001686096,
          0.38173624873161316
        ]
      }
    },
    {
      "target_rejection": 0.4,
      "beta": [
        0.6869116973607349,
        0.313088302639265
      ],
      "alpha": [
        0.6299499917218858,
        0.01817606275328104
      ],
      "mu": [
        0.0,
        8.0
      ],
      "cost_test": 0.7365967035293579,
      "test_metrics": {
        "coverage": 0.6601675415039062,
        "balanced_error": 0.3199547678232193,
        "worst_group_error": 0.32772940397262573,
        "group_errors": [
          0.31218013167381287,
          0.32772940397262573
        ]
      }
    },
    {
      "target_rejection": 0.5,
      "beta": [
        0.7259097714210969,
        0.27409022857890314
      ],
      "alpha": [
        0.5655332086595002,
        0.014463099036844129
      ],
      "mu": [
        0.0,
        6.5
      ],
      "cost_test": 0.8657307624816895,
      "test_metrics": {
        "coverage": 0.5845245361328125,
        "balanced_error": 0.2654541954398155,
        "worst_group_error": 0.2850000262260437,
        "group_errors": [
          0.24590836465358734,
          0.2850000262260437
        ]
      }
    },
    {
      "target_rejection": 0.6,
      "beta": [
        0.6638055007651251,
        0.3361944992348749
      ],
      "alpha": [
        0.4588248700102667,
        0.012426946948349844
      ],
      "mu": [
        0.0,
        9.0
      ],
      "cost_test": 0.7147819399833679,
      "test_metrics": {
        "coverage": 0.480931396484375,
        "balanced_error": 0.21361324936151505,
        "worst_group_error": 0.2175954282283783,
        "group_errors": [
          0.2096310704946518,
          0.2175954282283783
        ]
      }
    },
    {
      "target_rejection": 0.7,
      "beta": [
        0.6341343647470186,
        0.3658656352529815
      ],
      "alpha": [
        0.3809156336966222,
        0.008060136065715064
      ],
      "mu": [
        0.0,
        8.0
      ],
      "cost_test": 0.8939133882522583,
      "test_metrics": {
        "coverage": 0.3959677734375,
        "balanced_error": 0.1530260294675827,
        "worst_group_error": 0.1700247973203659,
        "group_errors": [
          0.1360272616147995,
          0.1700247973203659
        ]
      }
    },
    {
      "target_rejection": 0.8,
      "beta": [
        0.5181528323484907,
        0.48184716765150937
      ],
      "alpha": [
        0.2945199841014125,
        0.004242359061434161
      ],
      "mu": [
        0.0,
        4.0
      ],
      "cost_test": 1.1645963191986084,
      "test_metrics": {
        "coverage": 0.313669677734375,
        "balanced_error": 0.0909944511950016,
        "worst_group_error": 0.10841189324855804,
        "group_errors": [
          0.07357700914144516,
          0.10841189324855804
        ]
      }
    },
    {
      "target_rejection": 0.9,
      "beta": [
        0.6422168791688526,
        0.3577831208311474
      ],
      "alpha": [
        0.1929576828680138,
        0.0008655970790542383
      ],
      "mu": [
        0.0,
        0.0
      ],
      "cost_test": 1.0791394710540771,
      "test_metrics": {
        "coverage": 0.19037521362304688,
        "balanced_error": 0.05726631125435233,
        "worst_group_error": 0.0994623675942421,
        "group_errors": [
          0.015070254914462566,
          0.0994623675942421
        ]
      }
    }
  ],
  "rc_curve": {
    "rejection_rates": [
      0.0,
      0.08428253173828126,
      0.15909924316406254,
      0.23361413574218748,
      0.3398324584960938,
      0.4154754638671875,
      0.519068603515625,
      0.6040322265625,
      0.686330322265625,
      0.8096247863769531
    ],
    "worst_group_errors": [
      0.49757057428359985,
      0.4534170627593994,
      0.4098048508167267,
      0.38173624873161316,
      0.32772940397262573,
      0.2850000262260437,
      0.2175954282283783,
      0.1700247973203659,
      0.10841189324855804,
      0.0994623675942421
    ],
    "balanced_errors": [
      0.4896891564130783,
      0.45128481090068817,
      0.40847186744213104,
      0.36977165937423706,
      0.3199547678232193,
      0.2654541954398155,
      0.21361324936151505,
      0.1530260294675827,
      0.0909944511950016,
      0.05726631125435233
    ],
    "tail_minus_head": [
      -0.01576283574104309,
      -0.004264503717422485,
      0.002665966749191284,
      0.023929178714752197,
      0.015549272298812866,
      0.03909166157245636,
      0.007964357733726501,
      0.033997535705566406,
      0.034834884107112885,
      0.08439211267977953
    ],
    "aurc_worst_group": 0.22948361630061243,
    "aurc_balanced": 0.21915375014531738
  }
}