{
  "description": "Worst-group plug-in via Algorithm 2 with inner CS plug-in (Algorithm 1). Mixture posterior from gating over 3 experts.",
  "experts": [
    "ce_baseline",
    "logitadjust_baseline",
    "balsoftmax_baseline"
  ],
  "target_rejections": [
    0.0,
    0.1,
    0.2,
    0.3,
    0.4,
    0.5,
    0.6,
    0.7,
    0.8
  ],
  "results_per_point": [
    {
      "target_rejection": 0.0,
      "beta": [
        0.7360075581280219,
        0.2639924418719782
      ],
      "alpha": [
        0.9689440031760133,
        0.03105609965131855
      ],
      "mu": [
        0.0,
        -2.0
      ],
      "cost_test": 7.125494003295898,
      "test_metrics": {
        "coverage": 1.0,
        "balanced_error": 0.4663011767099531,
        "worst_group_error": 0.47037157634445137,
        "group_errors": [
          0.47037157634445137,
          0.4622307770754548
        ]
      }
    },
    {
      "target_rejection": 0.1,
      "beta": [
        0.7260210194056315,
        0.27397898059436854
      ],
      "alpha": [
        0.8729032949711665,
        0.029251958735004406
      ],
      "mu": [
        0.0,
        7.75
      ],
      "cost_test": 0.4699217677116394,
      "test_metrics": {
        "coverage": 0.9071909790039062,
        "balanced_error": 0.4403877080100628,
        "worst_group_error": 0.44177891532777647,
        "group_errors": [
          0.44177891532777647,
          0.438996500692349
        ]
      }
    },
    {
      "target_rejection": 0.2,
      "beta": [
        0.7166114150205938,
        0.28338858497940633
      ],
      "alpha": [
        0.7836603550588014,
        0.026163257708098048
      ],
      "mu": [
        0.0,
        6.5
      ],
      "cost_test": 0.7978960275650024,
      "test_metrics": {
        "coverage": 0.8357852172851562,
        "balanced_error": 0.3866791945716553,
        "worst_group_error": 0.396556622674174,
        "group_errors": [
          0.396556622674174,
          0.37680176646913655
        ]
      }
    },
    {
      "target_rejection": 0.3,
      "beta": [
        0.7026785177698214,
        0.2973214822301787
      ],
      "alpha": [
        0.6818917197732401,
        0.024566582862879684
      ],
      "mu": [
        0.0,
        7.5
      ],
      "cost_test": 0.680432915687561,
      "test_metrics": {
        "coverage": 0.7404962158203126,
        "balanced_error": 0.35061391100625816,
        "worst_group_error": 0.35430742511687247,
        "group_errors": [
          0.35430742511687247,
          0.3469203968956438
        ]
      }
    },
    {
      "target_rejection": 0.4,
      "beta": [
        0.6992244337172764,
        0.3007755662827236
      ],
      "alpha": [
        0.6205220904591453,
        0.019781058023694363
      ],
      "mu": [
        0.0,
        6.5
      ],
      "cost_test": 1.0360705852508545,
      "test_metrics": {
        "coverage": 0.674646240234375,
        "balanced_error": 0.3047020792822219,
        "worst_group_error": 0.30572486618543027,
        "group_errors": [
          0.30572486618543027,
          0.3036792923790136
        ]
      }
    },
    {
      "target_rejection": 0.5,
      "beta": [
        0.6940913020056791,
        0.3059086979943208
      ],
      "alpha": [
        0.5438129163893715,
        0.016456585706340895
      ],
      "mu": [
        0.0,
        6.5
      ],
      "cost_test": 1.1147894859313965,
      "test_metrics": {
        "coverage": 0.5904535522460937,
        "balanced_error": 0.24834329721376844,
        "worst_group_error": 0.26113025741831336,
        "group_errors": [
          0.26113025741831336,
          0.23555633700922352
        ]
      }
    },
    {
      "target_rejection": 0.6,
      "beta": [
        0.7224269348191695,
        0.2775730651808305
      ],
      "alpha": [
        0.45418533587907456,
        0.013764020294583247
      ],
      "mu": [
        0.0,
        6.25
      ],
      "cost_test": 1.0972576141357422,
      "test_metrics": {
        "coverage": 0.49307415771484375,
        "balanced_error": 0.18784892965032052,
        "worst_group_error": 0.19594445221682047,
        "group_errors": [
          0.17975340708382054,
          0.19594445221682047
        ]
      }
    },
    {
      "target_rejection": 0.7,
      "beta": [
        0.7721600480527554,
        0.22783995194724457
      ],
      "alpha": [
        0.39049342661233355,
        0.00907010961050047
      ],
      "mu": [
        0.0,
        4.0
      ],
      "cost_test": 1.3276844024658203,
      "test_metrics": {
        "coverage": 0.41545245361328126,
        "balanced_error": 0.1269055559716223,
        "worst_group_error": 0.15965138654343541,
        "group_errors": [
          0.09415972539980921,
          0.15965138654343541
        ]
      }
    },
    {
      "target_rejection": 0.8,
      "beta": [
        0.7664415410174493,
        0.2335584589825507
      ],
      "alpha": [
        0.27822790422412,
        0.007397304035192091
      ],
      "mu": [
        0.0,
        5.25
      ],
      "cost_test": 0.9347937107086182,
      "test_metrics": {
        "coverage": 0.3037210693359375,
        "balanced_error": 0.060310086260002144,
        "worst_group_error": 0.07684530053507975,
        "group_errors": [
          0.04377487198492453,
          0.07684530053507975
        ]
      }
    }
  ],
  "rc_curve": {
    "rejection_rates": [
      0.0,
      0.09280902099609378,
      0.1642147827148438,
      0.25950378417968745,
      0.325353759765625,
      0.40954644775390625,
      0.5069258422851562,
      0.5845475463867187,
      0.6962789306640624
    ],
    "worst_group_errors": [
      0.47037157634445137,
      0.44177891532777647,
      0.396556622674174,
      0.35430742511687247,
      0.30572486618543027,
      0.26113025741831336,
      0.19594445221682047,
      0.15965138654343541,
      0.07684530053507975
    ],
    "balanced_errors": [
      0.4663011767099531,
      0.4403877080100628,
      0.3866791945716553,
      0.35061391100625816,
      0.3047020792822219,
      0.24834329721376844,
      0.18784892965032052,
      0.1269055559716223,
      0.060310086260002144
    ],
    "tail_minus_head": [
      -0.008140799268996579,
      -0.0027824146354274437,
      -0.019754856205037474,
      -0.007387028221228664,
      -0.0020455738064166784,
      -0.025573920409089845,
      0.01619104513299993,
      0.0654916611436262,
      0.03307042855015522
    ],
    "aurc_worst_group": 0.2028953748272038,
    "aurc_balanced": 0.1955014349397859
  }
}