Metric,Value
Mean Weight Entropy,0.6266896724700928
Mean Effective Experts,1.5041990280151367
Load Balance Std,0.4077252149581909
Mean Weight (ce_baseline),0.804087221622467
Mean Weight (logitadjust_baseline),0.10369666665792465
Mean Weight (balsoftmax_baseline),0.0922161266207695
Group 0 Mean Entropy,0.6207423806190491
Group 0 Mean Effective Experts,1.4957942962646484
Group 1 Mean Entropy,0.639927327632904
Group 1 Mean Effective Experts,1.5229064226150513
