Split,AURC (Balanced),AURC (Worst-group),AURC Balanced (ρ≤0.8),AURC Worst (ρ≤0.8)
val,0.2585618617719134,0.33539898224949904,0.2585618617719134,0.33539898224949904
test,0.25254345110331655,0.2994149762839119,0.25254345110331655,0.2994149762839119
